UID,PHASE,cnn_emb_0,cnn_emb_1,cnn_emb_2,cnn_emb_3,cnn_emb_4,cnn_emb_5,cnn_emb_6,cnn_emb_7,cnn_emb_8,cnn_emb_9,cnn_emb_10,cnn_emb_11,cnn_emb_12,cnn_emb_13,cnn_emb_14,cnn_emb_15,cnn_emb_16,cnn_emb_17,cnn_emb_18,cnn_emb_19,cnn_emb_20,cnn_emb_21,cnn_emb_22,cnn_emb_23,cnn_emb_24,cnn_emb_25,cnn_emb_26,cnn_emb_27,cnn_emb_28,cnn_emb_29,cnn_emb_30,cnn_emb_31,cnn_emb_32,cnn_emb_33,cnn_emb_34,cnn_emb_35,cnn_emb_36,cnn_emb_37,cnn_emb_38,cnn_emb_39,cnn_emb_40,cnn_emb_41,cnn_emb_42,cnn_emb_43,cnn_emb_44,cnn_emb_45,cnn_emb_46,cnn_emb_47,cnn_emb_48,cnn_emb_49,cnn_emb_50,cnn_emb_51,cnn_emb_52,cnn_emb_53,cnn_emb_54,cnn_emb_55,cnn_emb_56,cnn_emb_57,cnn_emb_58,cnn_emb_59,cnn_emb_60,cnn_emb_61,cnn_emb_62,cnn_emb_63
1,plain,0.0,0.0,0.0,0.0,0.0,0.0,0.0,0.0,3.133432,0.0,0.0,0.0,0.0,0.0,0.0,0.0,0.0,3.4528236,4.647678,0.0,0.0,0.0,0.53368616,0.0,0.0,0.0,0.0,0.0,6.966748,0.0,6.0953765,3.4849093,5.17738,0.0,4.386159,0.0,4.596444,0.0,0.0,0.0,7.942127,0.0,0.0,0.0,5.007732,0.0,0.0,4.5181623,4.8369536,0.0,0.0,0.0,0.0,0.0,0.0,0.0,4.0502863,0.0,0.0,0.0,4.9269323,6.4497175,5.669894,4.4547377
1,venous,0.0,0.0,0.0,0.0,0.0,0.0,0.0,0.0,3.8272595,0.0,0.0,0.0,0.0,0.0,0.0,0.0,0.0,4.264241,5.324376,0.0,0.0,0.0,1.1150088,0.04039587,0.0,0.0,0.0,0.0,8.242568,0.0,6.921829,4.337326,6.1281524,0.0,4.726654,0.0,4.898987,0.0,0.0,0.0,8.189173,0.104914635,0.0,0.0,4.4459805,0.0,0.0,4.994566,5.364194,0.0,0.0,0.0,0.0,0.0,0.0,0.0,4.817601,0.0,0.0,0.0,5.4417877,7.949385,6.1585393,5.01291
10,plain,0.0,0.0,0.0,0.0,0.0,0.0,0.0,0.0,5.0095377,0.0,0.0,0.0,0.0,0.0,0.0,0.0,0.0,5.1547337,5.024444,0.0,0.0,0.0,5.7338495,0.0,0.0,0.0,0.0,0.0,7.190347,0.0,4.5995283,4.021816,4.921571,0.0,4.168933,0.0,5.3390093,0.0,0.0,0.0,1.1927459,0.0,0.0,0.0,2.6645422,0.0,0.0,3.8068504,4.7743998,0.0,0.0,0.0,0.15360089,0.0,0.0,0.0,3.8816578,4.1574073,0.0,0.0,4.5628023,6.3304415,4.1450315,4.2045083
10,venous,0.0,0.0,0.0,0.0,0.0,0.0,0.0,0.0,4.108697,0.0,0.0,0.0,0.0,0.0,0.0,0.0,0.0,4.4403934,4.500095,0.0,0.0,0.0,4.8364577,0.0,0.0,0.0,0.0,0.0,6.0881653,0.0,3.8554173,4.011835,4.2665663,0.0,3.4116495,0.0,5.0655556,0.0,0.0,0.0,3.7008815,0.0,0.0,0.0,3.1656792,0.0,0.0,3.4670138,4.2471657,0.0,0.0,0.0,1.9864082,0.0,0.0,0.0,4.083654,4.5633183,0.0,0.0,3.8605158,5.5516777,4.0231113,3.924485
100,plain,0.0,0.0,0.0,0.0,0.0,0.0,0.0,0.0,4.6848135,0.0,0.0,0.0,0.0,0.0,0.0,0.0,0.0,4.520167,4.282984,0.0,0.0,0.0,5.495358,0.0,0.0,0.0,0.0,0.0,7.0281,0.0,3.6800818,4.140172,4.302441,0.0,3.4897757,0.0,5.39021,0.0,0.0,0.0,1.4656856,0.0,0.0,0.0,2.8324428,0.0,0.0,3.6516418,4.558893,0.0,0.0,0.0,3.3520155,0.0,0.0,0.0,3.593884,5.571208,0.0,0.0,4.112668,5.429504,2.8947258,3.987111
100,venous,0.0,0.0,0.0,0.0,0.0,0.0,0.0,0.0,4.6690855,0.0,0.0,0.0,0.0,0.0,0.0,0.0,0.0,4.6602345,4.4410276,0.0,0.0,0.0,5.7560754,0.0,0.0,0.0,0.0,0.0,6.9598284,0.0,3.7517345,4.2714195,4.5477195,0.0,3.5299191,0.0,5.369626,0.0,0.0,0.0,2.4491248,0.0,0.0,0.0,3.7686121,0.0,0.0,3.5796676,4.6204004,0.0,0.0,0.0,4.1947317,0.0,0.0,0.0,3.79208,5.609618,0.0,0.0,4.4857273,5.630276,3.4744854,4.2560964
101,plain,0.0,0.0,0.0,0.0,0.0,0.0,0.0,0.0,3.3462114,0.0,0.0,0.0,0.0,0.0,0.0,0.0,0.0,3.6597795,2.958494,0.0,0.0,0.0,4.324113,0.0,0.0,0.0,0.0,0.0,5.394886,0.0,2.5913022,3.3114946,3.2981894,0.0,2.9308388,0.0,4.542394,0.0,0.0,0.0,2.9796824,0.0,0.0,0.0,4.6439304,0.0,0.0,2.9018633,4.222213,0.0,0.0,0.0,6.0377626,0.0,0.0,0.0,2.97969,4.8187447,0.0,0.0,3.5227993,4.534406,2.8534012,3.4078395
101,venous,0.0,0.0,0.0,0.0,0.0,0.0,0.0,0.0,3.6295643,0.0,0.0,0.0,0.0,0.0,0.0,0.0,0.0,4.1546173,3.0841448,0.0,0.0,0.0,4.894088,0.0,0.0,0.0,0.0,0.0,5.927368,0.0,2.6343555,3.5622761,3.5032215,0.0,3.28381,0.0,5.035305,0.0,0.0,0.0,3.1537693,0.0,0.0,0.0,4.986804,0.0,0.0,3.2773564,4.4839144,0.0,0.0,0.0,7.0782814,0.0,0.0,0.0,3.2314029,5.4191356,0.0,0.0,3.6961362,4.9820256,3.0852747,3.7687094
102,plain,0.0,0.0,0.0,0.0,0.0,0.0,0.0,0.0,4.0838614,0.0,0.0,0.0,0.0,0.0,0.0,0.0,0.0,3.8457594,4.276298,0.0,0.0,0.0,3.7984493,0.0,0.0,0.0,0.0,0.0,5.30472,0.0,4.393077,3.9345748,3.958291,0.0,3.2797294,0.0,4.5192914,0.0,0.0,0.0,4.991353,0.0,0.0,0.0,4.055071,0.0,0.0,3.4005585,3.875002,0.0,0.0,0.0,0.82769454,0.0,0.0,0.0,3.500791,2.095003,0.0,0.0,4.1584263,5.0309396,4.9834456,3.898104
102,venous,0.0,0.0,0.0,0.0,0.0,0.0,0.0,0.0,3.963564,0.0,0.0,0.0,0.0,0.0,0.0,0.0,0.0,3.8079772,4.2408566,0.0,0.0,0.0,3.9139667,0.0,0.0,0.0,0.0,0.0,5.555541,0.0,4.239385,3.9300406,3.825799,0.0,3.3195052,0.0,4.5904403,0.0,0.0,0.0,4.85544,0.0,0.0,0.0,4.0454755,0.0,0.0,3.3148737,4.0064325,0.0,0.0,0.0,1.700064,0.0,0.0,0.0,3.559236,2.8337588,0.0,0.0,4.329106,5.195868,4.8379025,4.001641
103,plain,0.0,0.0,0.0,0.0,0.0,0.0,0.0,0.0,4.5209837,0.0,0.0,0.0,0.0,0.0,0.0,0.0,0.0,4.4202905,5.1137304,0.0,0.0,0.0,5.212007,0.0,0.0,0.0,0.0,0.0,6.4944973,0.0,4.285505,3.8581543,4.905979,0.0,3.3982224,0.0,5.2366867,0.0,0.0,0.0,1.4913956,0.0,0.0,0.0,1.403947,0.0,0.0,3.7009344,4.427911,0.0,0.0,0.0,0.23567842,0.0,0.0,0.0,4.240449,5.454667,0.0,0.0,3.9631805,5.7431836,3.1011288,3.9752653
103,venous,0.0,0.0,0.0,0.0,0.0,0.0,0.0,0.0,4.016395,0.0,0.0,0.0,0.0,0.0,0.0,0.0,0.0,4.2182055,4.2454853,0.0,0.0,0.0,4.935918,0.0,0.0,0.0,0.0,0.0,6.022963,0.0,3.2065816,3.6782186,3.9487367,0.0,3.0014448,0.0,4.8334203,0.0,0.0,0.0,2.7252765,0.0,0.0,0.0,3.1068606,0.0,0.0,3.3930302,4.252234,0.0,0.0,0.0,3.245621,0.0,0.0,0.0,3.7207491,4.8391957,0.0,0.0,3.584499,5.051791,3.1071286,3.9083395
104,plain,0.0,0.0,0.0,0.0,0.0,0.0,0.0,0.0,3.2708325,0.0,0.0,0.0,0.0,0.0,0.0,0.0,0.0,3.5452704,3.0993328,0.0,0.0,0.0,4.4699373,0.0,0.0,0.0,0.0,0.0,5.680474,0.0,2.7711143,3.6098201,3.5379734,0.0,2.9898343,0.0,4.573195,0.0,0.0,0.0,4.3172145,0.0,0.0,0.0,5.306481,0.0,0.0,3.251262,4.394864,0.0,0.0,0.0,6.969742,0.0,0.0,0.0,3.0935602,4.8147354,0.0,0.0,3.786992,4.6545205,3.4914212,3.6710312
104,venous,0.0,0.0,0.0,0.0,0.0,0.0,0.0,0.0,3.3480182,0.0,0.0,0.0,0.0,0.0,0.0,0.0,0.0,3.8581188,3.0668235,0.0,0.09343678,0.0,4.670623,0.0,0.0,0.0,0.0,0.0,6.1717176,0.0,2.8690748,3.864807,3.6725287,0.0,3.248591,0.0,4.8545523,0.0,0.0,0.0,4.8245792,0.0,0.0,0.0,5.707353,0.0,0.0,3.435013,4.6509485,0.0,0.0,0.0,7.894659,0.0,0.0,0.0,3.2838216,5.0394163,0.0,0.0,4.0833426,4.9732237,3.759418,3.8435435
105,plain,0.0,0.0,0.0,0.0,0.0,0.0,0.0,0.0,3.9297657,0.0,0.0,0.0,0.0,0.0,0.0,0.0,0.0,3.8850005,3.9030695,0.0,0.0,0.0,4.453175,0.0,0.0,0.0,0.0,0.0,5.4956455,0.0,2.8460681,3.5411203,3.4400904,0.0,3.0264797,0.0,4.423605,0.0,0.0,0.0,3.392954,0.0,0.0,0.0,4.0975494,0.0,0.0,3.0968394,4.1577015,0.0,0.0,0.0,3.9440265,0.0,0.0,0.0,3.4014964,3.858489,0.0,0.0,3.7761788,4.9822793,3.8517609,3.8912635
105,venous,0.0,0.0,0.0,0.0,0.0,0.0,0.0,0.0,4.0345354,0.0,0.0,0.0,0.0,0.0,0.0,0.0,0.0,4.1651173,3.8453412,0.0,0.0,0.0,4.8063397,0.0,0.0,0.0,0.0,0.0,5.980662,0.0,2.87149,3.6832242,3.6650198,0.0,3.2264671,0.0,4.81477,0.0,0.0,0.0,2.4604907,0.0,0.0,0.0,3.4904695,0.0,0.0,3.189869,4.294438,0.0,0.0,0.0,4.0844927,0.0,0.0,0.0,3.5110774,4.49879,0.0,0.0,3.8731315,4.8322,3.448512,3.6097746
106,plain,0.0,0.0,0.0,0.0,0.0,0.0,0.0,0.0,3.3824368,0.0,0.0,0.0,0.0,0.0,0.0,0.0,0.0,4.039899,3.1763072,0.0,0.0,0.0,4.294492,0.0,0.0,0.0,0.0,0.0,5.537019,0.0,3.152016,3.4738765,3.3531885,0.0,3.2005877,0.0,4.584856,0.0,0.0,0.0,5.06709,0.0,0.0,0.0,4.7830777,0.0,0.0,2.9817314,3.9742503,0.0,0.0,0.0,5.0940914,0.0,0.0,0.0,3.2260258,4.345481,0.0,0.0,3.7251108,4.6917634,3.9651482,3.632893
106,venous,0.0,0.0,0.0,0.0,0.0,0.0,0.0,0.0,3.4980738,0.0,0.0,0.0,0.0,0.0,0.0,0.0,0.0,3.9526901,3.3260493,0.0,0.0,0.0,4.7650948,0.0,0.0,0.0,0.0,0.0,5.582534,0.0,3.066584,3.662643,3.4063556,0.0,3.0675168,0.0,4.6037974,0.0,0.0,0.0,5.1866727,0.0,0.0,0.0,5.174474,0.0,0.0,3.248323,4.02303,0.0,0.0,0.0,5.912526,0.0,0.0,0.0,3.4804997,4.8510475,0.0,0.0,3.8832307,4.924035,4.202153,3.7609684
107,plain,0.0,0.0,0.0,0.0,0.0,0.0,0.0,0.0,4.284925,0.0,0.0,0.0,0.0,0.0,0.0,0.0,0.0,4.0957875,4.0104847,0.0,0.0,0.0,4.669464,0.0,0.0,0.0,0.0,0.0,5.979146,0.0,3.081923,3.8438988,3.848856,0.0,3.3254766,0.0,5.002944,0.0,0.0,0.0,3.617251,0.0,0.0,0.0,4.1072497,0.0,0.0,3.3375711,4.374116,0.0,0.0,0.0,3.7609458,0.0,0.0,0.0,3.30986,3.220108,0.0,0.0,4.016101,5.285081,4.1028957,4.279126
107,venous,0.0,0.0,0.0,0.0,0.0,0.0,0.0,0.0,4.403384,0.0,0.0,0.0,0.0,0.0,0.0,0.0,0.0,4.258751,4.359644,0.0,0.0,0.0,4.7260423,0.0,0.0,0.0,0.0,0.0,6.1746387,0.0,3.448287,4.0635138,4.0792055,0.0,3.365969,0.0,4.7730827,0.0,0.0,0.0,3.0925674,0.0,0.0,0.0,3.5616863,0.0,0.0,3.318284,4.519645,0.0,0.0,0.0,2.5602705,0.0,0.0,0.0,3.4286454,3.4558,0.0,0.0,4.103608,5.4401093,3.9753344,4.204903
108,plain,0.0,0.0,0.0,0.0,0.0,0.0,0.0,0.0,3.4863865,0.0,0.0,0.0,0.0,0.0,0.0,0.0,0.0,4.0508175,3.4222054,0.0,0.0,0.0,4.520524,0.0,0.0,0.0,0.0,0.0,5.496841,0.0,2.8934755,3.6262305,3.5355496,0.0,3.0018744,0.0,4.672255,0.0,0.0,0.0,3.183238,0.0,0.0,0.0,4.2477036,0.0,0.0,3.0535083,4.4154415,0.0,0.0,0.0,4.4410477,0.0,0.0,0.0,3.3874764,4.622454,0.0,0.0,3.7929795,4.9764915,3.3734612,3.6300712
108,venous,0.0,0.0,0.0,0.0,0.0,0.0,0.0,0.0,3.7121685,0.0,0.0,0.0,0.0,0.0,0.0,0.0,0.0,4.227535,3.8310404,0.0,0.0,0.0,4.8181233,0.0,0.0,0.0,0.0,0.0,5.7142076,0.0,2.9042506,3.872031,3.718435,0.0,3.1300378,0.0,4.6724367,0.0,0.0,0.0,3.0433624,0.0,0.0,0.0,3.870411,0.0,0.0,3.346169,4.370797,0.0,0.0,0.0,3.8802915,0.0,0.0,0.0,3.4771514,4.4904346,0.0,0.0,3.761347,5.4359202,3.74292,3.8083782
109,plain,0.0,0.0,0.0,0.0,0.0,0.0,0.0,0.0,3.9908738,0.0,0.0,0.0,0.0,0.0,0.0,0.0,0.0,3.7981982,4.1596694,0.0,0.0,0.0,4.4079638,0.0,0.0,0.0,0.0,0.0,5.833766,0.0,4.0208178,3.8705893,4.056881,0.0,3.5609396,0.0,4.620773,0.0,0.0,0.0,4.5313096,0.0,0.0,0.0,3.446981,0.0,0.0,3.1756492,4.139277,0.0,0.0,0.0,1.8149675,0.0,0.0,0.0,3.736325,4.0003095,0.0,0.0,4.184325,5.0878086,4.097236,4.014489
109,venous,0.0,0.0,0.0,0.0,0.0,0.0,0.0,0.0,3.9846342,0.0,0.0,0.0,0.0,0.0,0.0,0.0,0.0,3.8429365,3.9047003,0.0,0.0,0.0,4.5327725,0.0,0.0,0.0,0.0,0.0,5.7022896,0.0,3.6826134,4.0123854,3.7355394,0.0,3.392756,0.0,4.480584,0.0,0.0,0.0,4.606086,0.0,0.0,0.0,3.9256098,0.0,0.0,3.182629,4.023247,0.0,0.0,0.0,2.8197906,0.0,0.0,0.0,3.549571,4.2382374,0.0,0.0,4.111511,5.0517187,4.2132263,4.0172377
11,plain,0.0,0.0,0.0,0.0,0.0,0.0,0.0,0.0,5.383373,0.0,0.0,0.0,0.0,0.0,0.0,0.0,0.0,5.3657045,4.891821,0.0,0.0,0.0,5.9353538,0.0,0.0,0.0,0.0,0.0,8.047144,0.0,4.7104473,3.8735964,5.4426813,0.0,4.0839677,0.0,5.457346,0.0,0.0,0.0,0.0,0.0,0.0,0.0,0.0,0.0,0.0,3.700736,4.596053,0.0,0.0,0.0,0.4035147,0.0,0.0,0.0,4.2371416,6.942174,0.0,0.0,4.3756332,5.9574594,2.6459904,4.226037
11,venous,0.0,0.0,0.0,0.0,0.0,0.0,0.0,0.0,3.1174278,0.0,0.0,0.0,0.0,0.0,0.0,0.0,0.0,3.8446965,2.6463346,0.0,0.16690111,0.0,4.6141415,0.0,0.0,0.0,0.0,0.0,6.08115,0.0,2.6141305,3.7353446,3.4351702,0.0,3.461542,0.0,4.39211,0.0,0.0,0.0,4.435096,0.0,0.0,0.0,5.5178757,0.0,0.0,3.0976024,4.104059,0.0,0.0,0.0,8.41352,0.0,0.0,0.0,3.3083,5.231537,0.0,0.0,4.002512,4.8770914,3.4605246,3.548778
110,plain,0.0,0.0,0.0,0.0,0.0,0.0,0.0,0.0,3.1198244,0.0,0.0,0.0,0.0,0.0,0.0,0.0,0.0,3.2466025,3.2626345,0.0,0.0,0.0,3.9365072,0.0,0.0,0.0,0.0,0.0,5.1615286,0.0,2.6676378,3.5602214,3.3276677,0.0,2.985934,0.0,4.164424,0.0,0.0,0.0,4.514024,0.0,0.0,0.0,4.9501753,0.0,0.0,2.9219866,4.022448,0.0,0.0,0.0,5.673302,0.0,0.0,0.0,3.1277716,3.841638,0.0,0.0,3.6557796,4.490923,3.6645582,3.404675
110,venous,0.0,0.0,0.0,0.0,0.0,0.0,0.0,0.0,3.5340996,0.0,0.0,0.0,0.0,0.0,0.0,0.0,0.0,3.6362102,3.5719697,0.0,0.0,0.0,4.4708834,0.0,0.0,0.0,0.0,0.0,5.5803795,0.0,2.6797996,3.985745,3.4904537,0.0,3.2484953,0.0,4.5363564,0.0,0.0,0.0,4.344041,0.0,0.0,0.0,5.028983,0.0,0.0,3.2148895,4.435137,0.0,0.0,0.0,6.1802273,0.0,0.0,0.0,3.32437,4.342577,0.0,0.0,3.9184213,4.8748646,3.800179,3.773911
111,plain,0.0,0.0,0.0,0.0,0.0,0.0,0.0,0.0,3.714391,0.0,0.0,0.0,0.0,0.0,0.0,0.0,0.0,3.763362,3.9114065,0.0,0.0,0.0,4.013172,0.0,0.0,0.0,0.0,0.0,5.0839186,0.0,3.3855495,3.8029933,3.6431365,0.0,2.770691,0.0,4.383477,0.0,0.0,0.0,4.613757,0.0,0.0,0.0,4.335188,0.0,0.0,3.3111224,3.9504945,0.0,0.0,0.0,2.6317668,0.0,0.0,0.0,3.3007207,2.855787,0.0,0.0,3.7702434,4.958605,4.6494036,3.8182971
111,venous,0.0,0.0,0.0,0.0,0.0,0.0,0.0,0.0,3.9076858,0.0,0.0,0.0,0.0,0.0,0.0,0.0,0.0,4.0475545,3.8105016,0.0,0.0,0.0,4.14892,0.0,0.0,0.0,0.0,0.0,5.1662254,0.0,3.2329895,3.836529,3.743054,0.0,2.9734771,0.0,4.6627035,0.0,0.0,0.0,3.9700322,0.0,0.0,0.0,4.175411,0.0,0.0,3.2455263,4.0888195,0.0,0.0,0.0,2.5356197,0.0,0.0,0.0,3.3825288,3.456587,0.0,0.0,3.696208,5.0735397,4.571933,3.7203155
112,plain,0.0,0.0,0.0,0.0,0.0,0.0,0.0,0.0,4.3838253,0.0,0.0,0.0,0.0,0.0,0.0,0.0,0.0,4.3877053,4.7029376,0.0,0.0,0.0,4.4253755,0.0,0.0,0.0,0.0,0.0,5.737647,0.0,4.4335923,3.7323117,4.435309,0.0,3.6448238,0.0,4.5615687,0.0,0.0,0.0,4.374751,0.0,0.0,0.0,3.0553184,0.0,0.0,3.1491823,3.950539,0.0,0.0,0.0,0.15249053,0.0,0.0,0.0,3.8788407,3.2046337,0.0,0.0,4.1515293,6.2080083,4.8937874,4.2396936
112,venous,0.0,0.0,0.0,0.0,0.0,0.0,0.0,0.0,4.4106894,0.0,0.0,0.0,0.0,0.0,0.0,0.0,0.0,4.0160627,4.315943,0.0,0.0,0.0,4.669877,0.0,0.0,0.0,0.0,0.0,5.8266735,0.0,3.5642996,3.7227838,3.977293,0.0,3.4982316,0.0,4.6731467,0.0,0.0,0.0,4.1068616,0.0,0.0,0.0,3.4630983,0.0,0.0,3.2090821,4.006334,0.0,0.0,0.0,1.3934854,0.0,0.0,0.0,3.495451,3.074596,0.0,0.0,4.0793962,5.3410816,4.792369,4.092562
113,plain,0.0,0.0,0.0,0.0,0.0,0.0,0.0,0.0,3.8738892,0.0,0.0,0.0,0.0,0.0,0.0,0.0,0.0,3.6538124,3.9195547,0.0,0.0,0.0,4.2696085,0.0,0.0,0.0,0.0,0.0,5.4544077,0.0,3.336381,3.7639651,3.583003,0.0,3.2844412,0.0,4.457758,0.0,0.0,0.0,3.945855,0.0,0.0,0.0,3.8358216,0.0,0.0,3.2413468,4.1414475,0.0,0.0,0.0,2.985083,0.0,0.0,0.0,3.4918451,3.7985272,0.0,0.0,3.780921,4.8129005,4.0699716,3.5220919
113,venous,0.0,0.0,0.0,0.0,0.0,0.0,0.0,0.0,3.8564718,0.0,0.0,0.0,0.0,0.0,0.0,0.0,0.0,3.588108,3.7453685,0.0,0.0,0.0,4.3302565,0.0,0.0,0.0,0.0,0.0,5.473252,0.0,2.8640018,3.879644,3.4949164,0.0,3.2431142,0.0,4.592827,0.0,0.0,0.0,3.243585,0.0,0.0,0.0,3.924736,0.0,0.0,3.1994143,4.0891953,0.0,0.0,0.0,3.730116,0.0,0.0,0.0,3.4048562,4.1499033,0.0,0.0,3.6118493,4.5897098,3.6953492,3.58737
114,plain,0.0,0.0,0.0,0.0,0.0,0.0,0.0,0.0,3.8975224,0.0,0.0,0.0,0.0,0.0,0.0,0.0,0.0,3.6771207,3.229979,0.0,0.0,0.0,4.6535015,0.0,0.0,0.0,0.0,0.0,5.9775248,0.0,2.4777217,3.9290037,3.5752845,0.0,3.3621802,0.0,4.581579,0.0,0.0,0.0,2.514628,0.0,0.0,0.0,4.668722,0.0,0.0,3.109426,4.324847,0.0,0.0,0.0,6.506096,0.0,0.0,0.0,3.1235914,4.7573996,0.0,0.0,3.7472425,4.622424,2.9153483,3.7615728
114,venous,0.0,0.0,0.0,0.0,0.0,0.0,0.0,0.0,4.117275,0.0,0.0,0.0,0.0,0.0,0.0,0.0,0.0,4.003255,3.3939085,0.0,0.0,0.0,5.1476755,0.0,0.0,0.0,0.0,0.0,6.476574,0.0,2.5957804,4.3459487,3.7749112,0.0,3.4348989,0.0,4.9588814,0.0,0.0,0.0,2.7444136,0.0,0.0,0.0,5.164222,0.0,0.0,3.3587527,4.651748,0.0,0.0,0.0,7.85669,0.0,0.0,0.0,3.3301702,5.4486876,0.0,0.0,4.067977,5.095734,3.0574403,3.9764104
115,plain,0.0,0.0,0.0,0.0,0.0,0.0,0.0,0.0,3.3167224,0.0,0.0,0.0,0.0,0.0,0.0,0.0,0.0,3.3174653,3.2001886,0.0,0.0,0.0,4.1627965,0.0,0.0,0.0,0.0,0.0,5.05951,0.0,2.711238,3.4161065,3.301166,0.0,2.813714,0.0,4.105193,0.0,0.0,0.0,4.421898,0.0,0.0,0.0,4.209497,0.0,0.0,2.9756289,3.8819983,0.0,0.0,0.0,4.6700673,0.0,0.0,0.0,3.0996447,4.38179,0.0,0.0,3.4369545,4.511184,3.518482,3.2610188
115,venous,0.0,0.0,0.0,0.0,0.0,0.0,0.0,0.0,3.1553354,0.0,0.0,0.0,0.0,0.0,0.0,0.0,0.0,3.3610392,2.9496937,0.0,0.0,0.0,4.1547756,0.0,0.0,0.0,0.0,0.0,5.1146383,0.0,2.6534476,3.3538368,3.4349868,0.0,2.9365726,0.0,4.094968,0.0,0.0,0.0,4.7907553,0.0,0.0,0.0,4.7493443,0.0,0.0,3.0251608,3.881237,0.0,0.0,0.0,5.355158,0.0,0.0,0.0,3.1709137,4.5717974,0.0,0.0,3.5289402,4.70889,3.6348119,3.4266825
116,plain,0.0,0.0,0.0,0.0,0.0,0.0,0.0,0.0,3.779437,0.0,0.0,0.0,0.0,0.0,0.0,0.0,0.0,3.7742968,3.7575583,0.0,0.0,0.0,4.380134,0.0,0.0,0.0,0.0,0.0,5.3869276,0.0,2.971634,3.3683162,3.6340966,0.0,3.2191277,0.0,4.4399242,0.0,0.0,0.0,3.4505596,0.0,0.0,0.0,4.1052365,0.0,0.0,3.0267339,4.0836325,0.0,0.0,0.0,4.3064566,0.0,0.0,0.0,3.4657924,4.466415,0.0,0.0,3.6460729,4.559017,3.357729,3.744249
116,venous,0.0,0.0,0.0,0.0,0.0,0.0,0.0,0.0,3.8152547,0.0,0.0,0.0,0.0,0.0,0.0,0.0,0.0,4.02169,3.6194177,0.0,0.0,0.0,4.610375,0.0,0.0,0.0,0.0,0.0,5.361884,0.0,2.8260217,3.3352091,3.603301,0.0,3.2479649,0.0,4.61607,0.0,0.0,0.0,3.0966127,0.0,0.0,0.0,4.0040364,0.0,0.0,3.0450544,3.9710927,0.0,0.0,0.0,4.305085,0.0,0.0,0.0,3.4725432,4.838236,0.0,0.0,3.6750948,4.6110826,3.1564536,3.7217388
117,plain,0.0,0.0,0.0,0.0,0.0,0.0,0.0,0.0,3.38289,0.0,0.0,0.0,0.0,0.0,0.0,0.0,0.0,3.5575545,3.5799966,0.0,0.0,0.0,3.8970716,0.0,0.0,0.0,0.0,0.0,5.2507014,0.0,3.0518436,3.4737442,3.3088322,0.0,2.8087294,0.0,4.4709096,0.0,0.0,0.0,4.6146235,0.0,0.0,0.0,4.766398,0.0,0.0,2.7923608,3.8415647,0.0,0.0,0.0,4.572583,0.0,0.0,0.0,3.0515594,3.5660322,0.0,0.0,3.7183661,4.4740615,3.857545,3.4502044
117,venous,0.0,0.0,0.0,0.0,0.0,0.0,0.0,0.0,3.3765163,0.0,0.0,0.0,0.0,0.0,0.0,0.0,0.0,3.6538157,3.42784,0.0,0.0,0.0,4.1004014,0.0,0.0,0.0,0.0,0.0,5.0831404,0.0,2.6311092,3.3702621,3.4159555,0.0,2.9305754,0.0,4.3631525,0.0,0.0,0.0,4.527754,0.0,0.0,0.0,4.750716,0.0,0.0,2.9562635,3.7728143,0.0,0.0,0.0,4.9524164,0.0,0.0,0.0,3.1224809,3.67237,0.0,0.0,3.6180842,4.5438213,3.8506272,3.6678872
118,plain,0.0,0.0,0.0,0.0,0.0,0.0,0.0,0.0,4.196174,0.0,0.0,0.0,0.0,0.0,0.0,0.0,0.0,3.7941256,3.8818011,0.0,0.0,0.0,4.6037893,0.0,0.0,0.0,0.0,0.0,5.3183765,0.0,3.2384408,3.8045647,3.7561724,0.0,3.4047394,0.0,4.530508,0.0,0.0,0.0,4.107761,0.0,0.0,0.0,3.9998722,0.0,0.0,3.2985983,3.9416611,0.0,0.0,0.0,2.8279996,0.0,0.0,0.0,3.3454623,3.7220588,0.0,0.0,3.8939807,4.9899073,4.2901716,3.7656002
118,venous,0.0,0.0,0.0,0.0,0.0,0.0,0.0,0.0,4.1542597,0.0,0.0,0.0,0.0,0.0,0.0,0.0,0.0,3.9091396,3.8698509,0.0,0.0,0.0,4.553596,0.0,0.0,0.0,0.0,0.0,5.484633,0.0,3.3393416,3.933433,3.980494,0.0,3.343248,0.0,4.6331897,0.0,0.0,0.0,4.2073283,0.0,0.0,0.0,4.197427,0.0,0.0,3.4112754,4.1426024,0.0,0.0,0.0,3.1496725,0.0,0.0,0.0,3.4446373,3.9709742,0.0,0.0,4.173358,5.200849,4.3957343,3.798674
119,plain,0.0,0.0,0.0,0.0,0.0,0.0,0.0,0.0,3.565707,0.0,0.0,0.0,0.0,0.0,0.0,0.0,0.0,4.0830026,3.5374446,0.0,0.0,0.0,5.0014763,0.0,0.0,0.0,0.0,0.0,6.203519,0.0,3.0647182,4.257759,3.6420555,0.0,3.287749,0.0,4.9858694,0.0,0.0,0.0,4.821583,0.0,0.0,0.0,5.580462,0.0,0.0,3.361568,4.631401,0.0,0.0,0.0,7.2264338,0.0,0.0,0.0,3.6775331,5.421261,0.0,0.0,4.246543,4.8827977,3.8883457,3.6888452
119,venous,0.0,0.0,0.0,0.0,0.0,0.0,0.0,0.0,3.3083386,0.0,0.0,0.0,0.0,0.0,0.0,0.0,0.0,3.8248787,3.1938396,0.0,0.0,0.0,4.8074503,0.0,0.0,0.0,0.0,0.0,6.069633,0.0,2.8338265,4.028043,3.382856,0.0,3.20757,0.0,4.6652083,0.0,0.0,0.0,4.4679384,0.0,0.0,0.0,5.310333,0.0,0.0,3.289351,4.196777,0.0,0.0,0.0,7.5068316,0.0,0.0,0.0,3.3479729,5.452496,0.0,0.0,3.9867353,4.778151,3.4362483,3.5028136
12,plain,0.0,0.0,0.0,0.0,0.0,0.0,0.0,0.0,4.697845,0.0,0.0,0.0,0.0,0.0,0.0,0.0,0.0,4.192705,4.7763023,0.0,0.0,0.0,4.223084,0.0,0.0,0.0,0.0,0.0,6.2565556,0.0,4.903632,4.186493,4.470695,0.0,3.6022782,0.0,5.0689173,0.0,0.0,0.0,4.1257434,0.0,0.0,0.0,2.8239753,0.0,0.0,3.649325,4.1325183,0.0,0.0,0.0,0.0,0.0,0.0,0.0,3.7032406,2.2168398,0.0,0.0,4.5006266,5.8076878,4.8100777,4.0180993
12,venous,0.0,0.0,0.0,0.0,0.0,0.0,0.0,0.0,4.6499763,0.0,0.0,0.0,0.0,0.0,0.0,0.0,0.0,4.1682568,4.7494307,0.0,0.0,0.0,3.5032208,0.0,0.0,0.0,0.0,0.0,6.0540457,0.0,4.125573,3.7515523,4.4308505,0.0,3.457336,0.0,4.1821036,0.0,0.0,0.0,5.4996166,0.0,0.0,0.0,3.8177898,0.0,0.0,3.8128476,4.01933,0.0,0.0,0.0,0.0,0.0,0.0,0.0,3.6421957,0.6409793,0.0,0.0,4.0658393,5.967865,5.753127,4.41552
120,plain,0.0,0.0,0.0,0.0,0.0,0.0,0.0,0.0,4.1644106,0.0,0.0,0.0,0.0,0.0,0.0,0.0,0.0,3.8393471,3.7181644,0.0,0.0,0.0,4.57065,0.0,0.0,0.0,0.0,0.0,5.4209776,0.0,2.7974408,3.53381,3.6887155,0.0,3.2647145,0.0,4.577738,0.0,0.0,0.0,3.7584558,0.0,0.0,0.0,3.87913,0.0,0.0,3.1531568,4.0412765,0.0,0.0,0.0,3.4794762,0.0,0.0,0.0,3.272915,4.13203,0.0,0.0,3.64493,4.5474844,3.8871624,3.861338
120,venous,0.0,0.0,0.0,0.0,0.0,0.0,0.0,0.0,4.036256,0.0,0.0,0.0,0.0,0.0,0.0,0.0,0.0,4.0201216,3.7806735,0.0,0.0,0.0,4.780199,0.0,0.0,0.0,0.0,0.0,5.4565883,0.0,2.994339,3.4912076,3.7441206,0.0,3.0784285,0.0,4.7372026,0.0,0.0,0.0,3.2230775,0.0,0.0,0.0,3.6903436,0.0,0.0,3.1016636,3.979868,0.0,0.0,0.0,3.4047246,0.0,0.0,0.0,3.4235039,4.3253803,0.0,0.0,3.6731205,4.777683,3.8033805,3.6541462
121,plain,0.0,0.0,0.0,0.0,0.0,0.0,0.0,0.0,3.4787161,0.0,0.0,0.0,0.0,0.0,0.0,0.0,0.0,3.7365706,3.198865,0.0,0.0,0.0,4.5379,0.0,0.0,0.0,0.0,0.0,5.4998884,0.0,2.7311716,3.4764955,3.4457521,0.0,3.2339842,0.0,4.354679,0.0,0.0,0.0,3.298614,0.0,0.0,0.0,4.66125,0.0,0.0,3.1617985,4.267647,0.0,0.0,0.0,6.2032843,0.0,0.0,0.0,3.204038,5.1666803,0.0,0.0,3.5803056,4.4513674,2.816763,3.6679645
121,venous,0.0,0.0,0.0,0.0,0.0,0.0,0.0,0.0,4.0023394,0.0,0.0,0.0,0.0,0.0,0.0,0.0,0.0,4.223588,3.4136448,0.0,0.0,0.0,5.1462846,0.0,0.0,0.0,0.0,0.0,6.219553,0.0,2.6307044,3.7307055,3.7362852,0.0,3.5423696,0.0,4.8525524,0.0,0.0,0.0,3.3171477,0.0,0.0,0.0,5.2687964,0.0,0.0,3.5677524,4.670512,0.0,0.0,0.0,7.4058275,0.0,0.0,0.0,3.4313269,5.664053,0.0,0.0,4.009202,5.1333036,3.2652273,4.0230565
122,plain,0.0,0.0,0.0,0.0,0.0,0.0,0.0,0.0,3.491087,0.0,0.0,0.0,0.0,0.0,0.0,0.0,0.0,3.5426676,3.3772721,0.0,0.0,0.0,4.1222615,0.0,0.0,0.0,0.0,0.0,5.174069,0.0,2.555756,3.4789147,3.4120622,0.0,2.904804,0.0,4.4867735,0.0,0.0,0.0,4.0255857,0.0,0.0,0.0,4.689898,0.0,0.0,2.9829333,4.247113,0.0,0.0,0.0,5.2620363,0.0,0.0,0.0,3.2894735,3.8526201,0.0,0.0,3.711912,4.539948,3.7195983,3.679185
122,venous,0.0,0.0,0.0,0.0,0.0,0.0,0.0,0.0,3.4047756,0.0,0.0,0.0,0.0,0.0,0.0,0.0,0.0,3.662036,3.4407122,0.0,0.0,0.0,4.2293825,0.0,0.0,0.0,0.0,0.0,5.314997,0.0,2.6827745,3.5984201,3.515789,0.0,2.9129853,0.0,4.4744034,0.0,0.0,0.0,4.007933,0.0,0.0,0.0,4.7511373,0.0,0.0,3.100051,4.2105126,0.0,0.0,0.0,5.132711,0.0,0.0,0.0,3.3015885,4.0438714,0.0,0.0,3.6961188,4.7339497,3.6112447,3.6793478
123,plain,0.0,0.0,0.0,0.0,0.0,0.0,0.0,0.0,4.363274,0.0,0.0,0.0,0.0,0.0,0.0,0.0,0.0,4.3726463,4.7032413,0.0,0.0,0.0,5.0445695,0.0,0.0,0.0,0.0,0.0,6.00366,0.0,3.9055483,3.9835205,4.229497,0.0,3.3394418,0.0,4.9426737,0.0,0.0,0.0,2.1839867,0.0,0.0,0.0,2.3672218,0.0,0.0,3.7362418,4.301875,0.0,0.0,0.0,0.70935106,0.0,0.0,0.0,3.8574572,3.8019452,0.0,0.0,4.082464,5.8284993,4.0308714,3.92797
123,venous,0.0,0.0,0.0,0.0,0.0,0.0,0.0,0.0,3.9421842,0.0,0.0,0.0,0.0,0.0,0.0,0.0,0.0,4.061674,4.136925,0.0,0.0,0.0,4.761586,0.0,0.0,0.0,0.0,0.0,5.6010227,0.0,3.2987003,3.8411283,3.6786225,0.0,3.101555,0.0,4.6541367,0.0,0.0,0.0,3.0065103,0.0,0.0,0.0,3.3432264,0.0,0.0,3.3002076,4.0425954,0.0,0.0,0.0,2.7658753,0.0,0.0,0.0,3.662772,4.225843,0.0,0.0,3.82417,5.1240396,3.9277277,3.9234452
124,plain,0.0,0.0,0.0,0.0,0.0,0.0,0.0,0.0,4.100414,0.0,0.0,0.0,0.0,0.0,0.0,0.0,0.0,4.491587,3.7695985,0.0,0.0,0.0,5.1732187,0.0,0.0,0.0,0.0,0.0,6.011113,0.0,3.2631521,3.6838913,4.0989366,0.0,3.3389595,0.0,5.044771,0.0,0.0,0.0,1.5736861,0.0,0.0,0.0,2.744585,0.0,0.0,3.2341862,4.1764994,0.0,0.0,0.0,3.190217,0.0,0.0,0.0,3.6896963,5.7848053,0.0,0.0,3.6489546,5.136952,3.0319471,3.691821
124,venous,0.0,0.0,0.0,0.0,0.0,0.0,0.0,0.0,3.9339807,0.0,0.0,0.0,0.0,0.0,0.0,0.0,0.0,4.2268577,3.5356283,0.0,0.0,0.0,5.051984,0.0,0.0,0.0,0.0,0.0,5.794283,0.0,2.5696912,3.8188953,3.527235,0.0,3.2190256,0.0,4.8817744,0.0,0.0,0.0,1.5584041,0.0,0.0,0.0,3.5577614,0.0,0.0,3.376737,4.1361275,0.0,0.0,0.0,4.8296475,0.0,0.0,0.0,3.3674011,5.702855,0.0,0.0,3.5028286,4.4995923,2.9191897,3.7901478
125,plain,0.0,0.0,0.0,0.0,0.0,0.0,0.0,0.0,3.607453,0.0,0.0,0.0,0.0,0.0,0.0,0.0,0.0,3.9662104,3.3182285,0.0,0.0,0.0,4.7471795,0.0,0.0,0.0,0.0,0.0,5.765423,0.0,2.4863446,3.5050116,3.4921694,0.0,3.0386739,0.0,4.705813,0.0,0.0,0.0,1.7141628,0.0,0.0,0.0,3.8651438,0.0,0.0,3.04212,4.0934496,0.0,0.0,0.0,4.9905457,0.0,0.0,0.0,3.0940566,5.6825285,0.0,0.0,3.427458,4.338188,2.7594566,3.5849462
125,venous,0.0,0.0,0.0,0.0,0.0,0.0,0.0,0.0,4.218454,0.0,0.0,0.0,0.0,0.0,0.0,0.0,0.0,4.363104,3.8472629,0.0,0.0,0.0,5.1201706,0.0,0.0,0.0,0.0,0.0,6.0948076,0.0,2.501491,3.4400918,3.8321214,0.0,3.3291326,0.0,4.8203444,0.0,0.0,0.0,1.7998803,0.0,0.0,0.0,3.5194972,0.0,0.0,3.5453253,4.5102673,0.0,0.0,0.0,3.9679863,0.0,0.0,0.0,3.4762354,5.0019526,0.0,0.0,3.6059299,4.935088,3.2026517,4.0252604
126,plain,0.0,0.0056785606,0.0,0.0,0.0,0.0,0.0,0.0,2.986372,0.0,0.0,0.0,0.0,0.0,0.0,0.0,0.0,3.1204793,2.8208103,0.0,0.0,0.0,3.778134,0.0,0.0,0.0,0.0,0.0,5.2182784,0.0,2.6178055,3.4096851,3.132882,0.0,2.8340979,0.0,4.066179,0.0,0.0,0.0,4.3183517,0.0,0.0,0.0,5.1526794,0.0,0.0,2.967542,3.913093,0.0,0.0,0.0,6.609668,0.0,0.0,0.0,3.1055737,4.1366796,0.0,0.0,3.4121108,4.383583,3.5742316,3.2520726
126,venous,0.0,0.0,0.0,0.0,0.0,0.0,0.0,0.0,3.035647,0.0,0.0,0.0,0.0,0.0,0.0,0.0,0.0,3.2822037,2.9818249,0.0,0.0,0.0,3.845233,0.0,0.0,0.0,0.0,0.0,5.5880013,0.0,2.673699,3.5455213,3.320313,0.0,2.9375,0.0,4.2160707,0.0,0.0,0.0,4.7388654,0.0,0.0,0.0,5.451043,0.0,0.0,3.181707,4.192015,0.0,0.0,0.0,7.0883093,0.0,0.0,0.0,3.226287,4.2261105,0.0,0.0,3.6267822,4.707922,3.6057768,3.235199
127,plain,0.0,0.0,0.0,0.0,0.0,0.0,0.0,0.0,3.4014382,0.0,0.0,0.0,0.0,0.0,0.0,0.0,0.0,3.4863093,3.4729712,0.0,0.0,0.0,4.3319073,0.0,0.0,0.0,0.0,0.0,5.47324,0.0,2.5988874,3.5352335,3.2597146,0.0,2.9156673,0.0,4.408202,0.0,0.0,0.0,3.639758,0.0,0.0,0.0,4.6739845,0.0,0.0,2.9225168,4.254682,0.0,0.0,0.0,5.693289,0.0,0.0,0.0,3.0357528,4.4876847,0.0,0.0,3.6112266,4.4016805,3.3399205,3.556346
127,venous,0.0,0.0,0.0,0.0,0.0,0.0,0.0,0.0,3.696096,0.0,0.0,0.0,0.0,0.0,0.0,0.0,0.0,3.7359,3.6837225,0.0,0.0,0.0,4.9019685,0.0,0.0,0.0,0.0,0.0,6.0946007,0.0,2.6022625,3.8050127,3.528716,0.0,3.1989555,0.0,4.864957,0.0,0.0,0.0,3.6026087,0.0,0.0,0.0,4.832445,0.0,0.0,3.2266817,4.5352745,0.0,0.0,0.0,6.6710796,0.0,0.0,0.0,3.3964999,5.1384745,0.0,0.0,3.8249314,5.0372744,3.3361826,3.9317057
128,plain,0.0,0.0,0.0,0.0,0.0,0.0,0.0,0.0,3.1083565,0.0,0.0,0.0,0.0,0.0,0.0,0.0,0.0,3.412622,3.0620914,0.0,0.0,0.0,3.8862731,0.0,0.0,0.0,0.0,0.0,5.2093496,0.0,2.6364121,3.2961116,3.1923985,0.0,2.880343,0.0,4.20674,0.0,0.0,0.0,4.6477942,0.0,0.0,0.0,5.166888,0.0,0.0,2.8893733,3.9607863,0.0,0.0,0.0,5.78496,0.0,0.0,0.0,3.0404758,3.9781282,0.0,0.0,3.6743164,4.352228,3.6563158,3.3422985
128,venous,0.0,0.0,0.0,0.0,0.0,0.0,0.0,0.0,3.3788867,0.0,0.0,0.0,0.0,0.0,0.0,0.0,0.0,3.6946225,3.1836991,0.0,0.0,0.0,4.3484597,0.0,0.0,0.0,0.0,0.0,5.597328,0.0,2.6014884,3.5351882,3.4037406,0.0,3.0890079,0.0,4.412969,0.0,0.0,0.0,4.951831,0.0,0.0,0.0,5.430995,0.0,0.0,3.1468616,4.1157455,0.0,0.0,0.0,6.4872475,0.0,0.0,0.0,3.2075548,4.307064,0.0,0.0,3.8701124,4.6746807,3.845074,3.5951438
129,plain,0.0,0.0,0.0,0.0,0.0,0.0,0.0,0.0,2.9677794,0.0,0.0,0.0,0.0,0.0,0.0,0.0,0.0,3.3384187,3.0401382,0.0,0.0,0.0,3.8053162,0.0,0.0,0.0,0.0,0.0,4.8574915,0.0,2.5900297,3.3807864,3.278451,0.0,2.7573473,0.0,4.1441097,0.0,0.0,0.0,4.561164,0.0,0.0,0.0,4.8763695,0.0,0.0,2.8146513,3.8829193,0.0,0.0,0.0,5.434893,0.0,0.0,0.0,3.1776295,4.0785418,0.0,0.0,3.325204,4.3569775,3.5335636,3.2798924
129,venous,0.0,0.0,0.0,0.0,0.0,0.0,0.0,0.0,2.822466,0.0,0.0,0.0,0.0,0.0,0.0,0.0,0.0,3.2532487,2.847443,0.0,0.0,0.0,3.7180467,0.0,0.0,0.0,0.0,0.0,4.869133,0.0,2.4668493,3.4164371,3.1816225,0.0,2.8710346,0.0,4.116524,0.0,0.0,0.0,4.463281,0.0,0.0,0.0,5.0433836,0.0,0.0,2.8226242,3.8803189,0.0,0.0,0.0,6.0421214,0.0,0.0,0.0,3.0650344,4.373777,0.0,0.0,3.4073005,4.3425055,3.5057802,3.142683
13,plain,0.0,0.0,0.0,0.0,0.0,0.0,0.0,0.0,5.4999876,0.0,0.0,0.0,0.0,0.0,0.0,0.0,0.0,5.179723,5.187496,0.0,0.0,0.0,6.1323156,0.0,0.0,0.0,0.0,0.0,7.905185,0.0,4.71632,4.151342,5.112649,0.0,3.8685973,0.0,5.4971085,0.0,0.0,0.0,0.0,0.0,0.0,0.0,0.18070257,0.0,0.0,3.719588,4.6187897,0.0,0.0,0.0,0.41199112,0.0,0.0,0.0,4.173505,5.968589,0.0,0.0,4.2181597,6.3437786,2.341713,4.476363
13,venous,0.0,0.0,0.0,0.20749348,0.0,0.0,0.0,0.0,5.5736456,0.0,0.0,0.0,0.0,0.0,0.0,0.0,0.0,5.4335127,6.4392347,0.0,0.0,0.0,6.7667646,0.0,0.0,0.0,0.0,0.0,8.6280575,0.0,5.7384005,4.733927,6.1098804,0.0,4.2501884,0.0,6.0922337,0.0,0.0,0.0,0.0,0.0,0.011900187,0.0,0.0,0.0,0.0,3.9127393,4.8543663,0.0,0.0,0.0,0.0,0.0,0.0,0.0,4.739561,7.551396,0.0,0.0,4.4442124,7.287818,2.8499825,4.3081894
130,plain,0.0,0.0,0.0,0.0,0.0,0.0,0.0,0.0,4.1691017,0.0,0.0,0.0,0.0,0.0,0.0,0.0,0.0,4.2807746,3.6492333,0.0,0.0,0.0,5.430771,0.0,0.0,0.0,0.0,0.0,6.45492,0.0,3.5467083,4.46589,4.0399504,0.0,3.4907832,0.0,5.0819216,0.0,0.0,0.0,3.8428648,0.0,0.0,0.0,5.115882,0.0,0.0,3.4384942,4.4838433,0.0,0.0,0.0,7.0765567,0.0,0.0,0.0,3.848819,5.9577994,0.0,0.0,4.4629517,5.2349296,3.9271717,3.8568516
130,venous,0.0,0.0,0.0,0.0,0.0,0.0,0.0,0.0,3.8284864,0.0,0.0,0.0,0.0,0.0,0.0,0.0,0.0,4.107785,3.22228,0.0,0.0,0.0,5.4976063,0.0,0.0,0.0,0.0,0.0,6.236929,0.0,3.093758,4.1687183,3.870265,0.0,3.5325356,0.0,4.9055367,0.0,0.0,0.0,3.4929285,0.0,0.0,0.0,5.0338707,0.0,0.0,3.3578691,4.3271203,0.0,0.0,0.0,7.3418236,0.0,0.0,0.0,3.5817318,5.844679,0.0,0.0,4.1248717,5.233567,3.5013232,3.5816183
131,plain,0.0,0.0,0.0,0.0,0.0,0.0,0.0,0.0,4.5635185,0.0,0.0,0.0,0.0,0.0,0.0,0.0,0.0,4.5229297,4.675234,0.0,0.0,0.0,5.0333986,0.0,0.0,0.0,0.0,0.0,6.1951776,0.0,4.046417,3.9298716,4.2134356,0.0,3.5047977,0.0,4.777424,0.0,0.0,0.0,1.311621,0.0,0.0,0.0,2.2172818,0.0,0.0,3.4133196,4.097917,0.0,0.0,0.0,1.4712145,0.0,0.0,0.0,3.8525722,5.601671,0.0,0.0,4.1358027,4.979905,3.3195677,3.8784285
131,venous,0.0,0.0,0.0,0.0,0.0,0.0,0.0,0.0,4.457564,0.0,0.0,0.0,0.0,0.0,0.0,0.0,0.0,4.622651,4.468276,0.0,0.0,0.0,5.32465,0.0,0.0,0.0,0.0,0.0,5.951951,0.0,3.3203073,4.0230713,4.1834507,0.0,3.43261,0.0,4.9100924,0.0,0.0,0.0,0.99135685,0.0,0.0,0.0,2.1101818,0.0,0.0,3.327561,4.011923,0.0,0.0,0.0,2.4529564,0.0,0.0,0.0,3.6724215,6.2233067,0.0,0.0,3.820655,4.937539,3.3779004,3.6830127
132,plain,0.0,0.0,0.0,0.0,0.0,0.0,0.0,0.0,3.371151,0.0,0.0,0.0,0.0,0.0,0.0,0.0,0.0,3.5300648,3.253224,0.0,0.0,0.0,4.1056232,0.0,0.0,0.0,0.0,0.0,5.0816946,0.0,2.921595,3.3985572,3.4021683,0.0,2.7354767,0.0,4.2891545,0.0,0.0,0.0,4.9190936,0.0,0.0,0.0,4.9455223,0.0,0.0,2.9288397,3.9650073,0.0,0.0,0.0,5.169841,0.0,0.0,0.0,3.2008884,3.8681684,0.0,0.0,3.7380161,4.5964994,4.033555,3.3970106
132,venous,0.0,0.0,0.0,0.0,0.0,0.0,0.0,0.0,3.5171196,0.0,0.0,0.0,0.0,0.0,0.0,0.0,0.0,3.7612548,3.4042091,0.0,0.0,0.0,4.5343237,0.0,0.0,0.0,0.0,0.0,5.4006124,0.0,2.8165436,3.6358325,3.4287195,0.0,2.9770734,0.0,4.5705853,0.0,0.0,0.0,5.136093,0.0,0.0,0.0,5.328183,0.0,0.0,3.1387339,4.2449694,0.0,0.0,0.0,6.2032332,0.0,0.0,0.0,3.4104605,4.340932,0.0,0.0,3.873032,4.7970653,4.063422,3.6750267
133,plain,0.0,0.0,0.0,0.0,0.0,0.0,0.0,0.0,4.3796663,0.0,0.0,0.0,0.0,0.0,0.0,0.0,0.0,4.28667,4.4825873,0.0,0.0,0.0,4.6851377,0.0,0.0,0.0,0.0,0.0,5.820752,0.0,4.0237536,3.8618915,4.172707,0.0,3.3818274,0.0,4.758504,0.0,0.0,0.0,3.3473985,0.0,0.0,0.0,2.395905,0.0,0.0,3.1535597,4.3652163,0.0,0.0,0.0,0.8584634,0.0,0.0,0.0,3.661628,3.9040146,0.0,0.0,4.0985546,5.2438364,3.8800254,3.977234
133,venous,0.0,0.0,0.0,0.0,0.0,0.0,0.0,0.0,4.400523,0.0,0.0,0.0,0.0,0.0,0.0,0.0,0.0,4.1377816,4.5532904,0.0,0.0,0.0,4.668741,0.0,0.0,0.0,0.0,0.0,5.7710814,0.0,3.6416345,3.719967,3.901627,0.0,3.3838825,0.0,4.520624,0.0,0.0,0.0,3.4149199,0.0,0.0,0.0,2.7010002,0.0,0.0,3.1302009,4.15617,0.0,0.0,0.0,1.2987516,0.0,0.0,0.0,3.703182,3.7335784,0.0,0.0,3.7826624,5.0107455,3.9139464,3.8950524
134,plain,0.0,0.0,0.0,0.0,0.0,0.0,0.0,0.0,4.2999454,0.0,0.0,0.0,0.0,0.0,0.0,0.0,0.0,3.6008391,4.2155266,0.0,0.0,0.0,4.0474834,0.0,0.0,0.0,0.0,0.0,5.664762,0.0,3.4072404,3.9594722,3.806386,0.0,3.1607213,0.0,4.3124933,0.0,0.0,0.0,4.2864094,0.0,0.0,0.0,4.341854,0.0,0.0,3.4041088,4.0899906,0.0,0.0,0.0,2.5993476,0.0,0.0,0.0,3.083225,2.318618,0.0,0.0,4.24183,5.2438645,4.632085,4.1774044
134,venous,0.0,0.0,0.0,0.0,0.0,0.0,0.0,0.0,3.997932,0.0,0.0,0.0,0.0,0.0,0.0,0.0,0.0,3.5786257,4.0207815,0.0,0.0,0.0,3.8869345,0.0,0.0,0.0,0.0,0.0,5.464821,0.0,3.266387,3.7557025,3.6065402,0.0,3.123252,0.0,4.244521,0.0,0.0,0.0,4.683042,0.0,0.0,0.0,4.4886136,0.0,0.0,3.311716,4.009636,0.0,0.0,0.0,2.8384228,0.0,0.0,0.0,3.0926795,2.2053294,0.0,0.0,4.021882,5.0514097,4.6099076,4.223403
135,plain,0.0,0.0,0.0,0.0,0.0,0.0,0.0,0.0,3.7973156,0.0,0.0,0.0,0.0,0.0,0.0,0.0,0.0,3.8192308,4.1745543,0.0,0.0,0.0,3.7653623,0.0,0.0,0.0,0.0,0.0,5.273298,0.0,3.6762946,3.9234078,3.8420537,0.0,3.0874023,0.0,4.329607,0.0,0.0,0.0,5.014874,0.0,0.0,0.0,4.4497623,0.0,0.0,3.225503,4.1347666,0.0,0.0,0.0,2.359738,0.0,0.0,0.0,3.1748571,1.9674436,0.0,0.0,4.1563826,4.971504,4.8471746,3.890603
135,venous,0.0,0.0,0.0,0.0,0.0,0.0,0.0,0.0,4.218785,0.0,0.0,0.0,0.0,0.0,0.0,0.0,0.0,4.03302,4.4162483,0.0,0.0,0.0,3.7240505,0.0,0.0,0.0,0.0,0.0,5.7216682,0.0,4.041396,4.028388,4.18619,0.0,3.388079,0.0,4.436487,0.0,0.0,0.0,4.986928,0.0,0.0,0.0,4.1181145,0.0,0.0,3.487455,4.2420683,0.0,0.0,0.0,0.830009,0.0,0.0,0.0,3.4870272,1.2274945,0.0,0.0,4.122719,5.5236106,5.318164,4.1405025
136,plain,0.0,0.0,0.0,0.0,0.0,0.0,0.0,0.0,3.896492,0.0,0.0,0.0,0.0,0.0,0.0,0.0,0.0,3.7231622,3.1408317,0.0,0.0,0.0,4.6681194,0.0,0.0,0.0,0.0,0.0,5.8506236,0.0,2.602676,3.786631,3.3422518,0.0,3.0997915,0.0,4.764139,0.0,0.0,0.0,2.1347315,0.0,0.0,0.0,4.5090566,0.0,0.0,3.0404444,4.257272,0.0,0.0,0.0,6.297729,0.0,0.0,0.0,2.94668,5.0590005,0.0,0.0,3.7109218,4.4578886,2.6262848,3.6481652
136,venous,0.0,0.0,0.0,0.0,0.0,0.0,0.0,0.0,4.1068373,0.0,0.0,0.0,0.0,0.0,0.0,0.0,0.0,4.0538063,3.4614139,0.0,0.0,0.0,5.0620313,0.0,0.0,0.0,0.0,0.0,6.2985544,0.0,2.721416,4.2334023,3.7265673,0.0,3.3722396,0.0,4.9941726,0.0,0.0,0.0,2.8875685,0.0,0.0,0.0,4.9984045,0.0,0.0,3.4483438,4.6713314,0.0,0.0,0.0,7.1143436,0.0,0.0,0.0,3.3347392,5.180063,0.0,0.0,3.953968,5.0833874,3.3120852,4.004437
137,plain,0.0,0.0,0.0,0.0,0.0,0.0,0.0,0.0,3.7896757,0.0,0.0,0.0,0.0,0.0,0.0,0.0,0.0,3.8851829,3.3809352,0.0,0.0,0.0,4.448611,0.0,0.0,0.0,0.0,0.0,5.425577,0.0,2.6378083,3.7256348,3.5558562,0.0,3.0800428,0.0,4.637472,0.0,0.0,0.0,2.8218184,0.0,0.0,0.0,4.30208,0.0,0.0,3.1088667,4.123428,0.0,0.0,0.0,4.8924417,0.0,0.0,0.0,3.3887458,4.3924546,0.0,0.0,3.7724128,4.953617,3.6216078,3.5926566
137,venous,0.0,0.0,0.0,0.0,0.0,0.0,0.0,0.0,3.8717158,0.0,0.0,0.0,0.0,0.0,0.0,0.0,0.0,4.1235228,3.4437165,0.0,0.0,0.0,4.8052883,0.0,0.0,0.0,0.0,0.0,5.7042,0.0,2.759284,3.4472437,3.4521654,0.0,3.0226731,0.0,4.730384,0.0,0.0,0.0,2.1818967,0.0,0.0,0.0,3.8866844,0.0,0.0,3.0679946,4.249786,0.0,0.0,0.0,5.0195885,0.0,0.0,0.0,3.368298,5.021282,0.0,0.0,3.7562308,5.003838,3.103443,3.5846066
138,plain,0.0,0.0,0.0,0.0,0.0,0.0,0.0,0.0,3.1372008,0.0,0.0,0.0,0.0,0.0,0.0,0.0,0.0,3.4196024,3.250677,0.0,0.0,0.0,4.1571484,0.0,0.0,0.0,0.0,0.0,5.0078945,0.0,3.097743,3.310961,3.1493683,0.0,2.756935,0.0,4.1642313,0.0,0.0,0.0,4.970396,0.0,0.0,0.0,4.8480506,0.0,0.0,2.8528643,3.8135328,0.0,0.0,0.0,4.520153,0.0,0.0,0.0,2.9344077,3.7088892,0.0,0.0,3.670814,4.37173,4.0308905,3.406538
138,venous,0.0,0.0,0.0,0.0,0.0,0.0,0.0,0.0,3.2180789,0.0,0.0,0.0,0.0,0.0,0.0,0.0,0.0,3.2552977,3.1540754,0.0,0.0,0.0,4.095767,0.0,0.0,0.0,0.0,0.0,5.0658197,0.0,2.901452,3.372313,3.0393171,0.0,2.7950132,0.0,4.134961,0.0,0.0,0.0,4.8618026,0.0,0.0,0.0,4.9435325,0.0,0.0,2.8711722,3.745432,0.0,0.0,0.0,5.0735855,0.0,0.0,0.0,2.853835,3.8577418,0.0,0.0,3.6346297,4.266887,3.9091823,3.336284
139,plain,0.0,0.0,0.0,0.0,0.0,0.0,0.0,0.0,3.2916846,0.0,0.0,0.0,0.0,0.0,0.0,0.0,0.0,3.7696183,3.340046,0.0,0.0,0.0,4.3326845,0.0,0.0,0.0,0.0,0.0,5.4864645,0.0,3.069254,3.9544017,3.582126,0.0,3.1856961,0.0,4.4737744,0.0,0.0,0.0,4.7627697,0.0,0.0,0.0,5.2911196,0.0,0.0,3.0156143,4.370068,0.0,0.0,0.0,6.017041,0.0,0.0,0.0,3.2751222,4.4296293,0.0,0.0,3.9456658,4.734202,3.892176,3.5895681
139,venous,0.0,0.0,0.0,0.0,0.0,0.0,0.0,0.0,3.3940926,0.0,0.0,0.0,0.0,0.0,0.0,0.0,0.0,4.000807,3.2511876,0.0,0.0,0.0,4.4644585,0.0,0.0,0.0,0.0,0.0,5.814515,0.0,2.8749962,4.036187,3.6877294,0.0,3.2097917,0.0,4.4122534,0.0,0.0,0.0,4.9411516,0.0,0.0,0.0,5.498911,0.0,0.0,3.0673878,4.4226646,0.0,0.0,0.0,6.904879,0.0,0.0,0.0,3.3673043,4.6552944,0.0,0.0,3.9188585,4.9127035,3.8409507,3.7189262
14,plain,0.0,0.0,0.0,0.0,0.0,0.0,0.0,0.0,3.4382265,0.0,0.0,0.0,0.0,0.0,0.0,0.0,0.0,3.3811402,4.0466456,0.0,0.0,0.0,2.69981,0.0,0.0,0.0,0.0,0.0,5.237148,0.0,4.472706,3.876627,3.582163,0.0,3.0104394,0.0,3.9530597,0.0,0.0,0.0,5.999949,0.0,0.0,0.0,4.515042,0.0,0.0,3.4481375,4.0804615,0.0,0.0,0.0,1.6156058,0.0,0.0,0.0,3.1409173,1.2871277,0.0,0.0,3.9595606,4.8416667,4.951545,3.7430897
14,venous,0.0,0.0,0.0,0.0,0.0,0.0,0.0,0.0,3.795833,0.0,0.0,0.0,0.0,0.0,0.0,0.0,0.0,3.7689004,3.8747325,0.0,0.0,0.0,4.12307,0.0,0.0,0.0,0.0,0.0,5.333539,0.0,3.4886885,3.8298035,3.4206524,0.0,3.1624403,0.0,4.2987876,0.0,0.0,0.0,5.3316526,0.0,0.0,0.0,4.4920807,0.0,0.0,3.203302,4.044843,0.0,0.0,0.0,3.1320772,0.0,0.0,0.0,3.2128305,3.2243934,0.0,0.0,3.9264176,4.8003926,4.8452067,3.9795258
140,venous,0.0,0.0,0.0,0.0,0.0,0.0,0.0,0.0,4.263545,0.0,0.0,0.0,0.0,0.0,0.0,0.0,0.0,4.113882,4.352049,0.0,0.0,0.0,4.3552027,0.0,0.0,0.0,0.0,0.0,5.7206297,0.0,3.7650435,3.7601757,4.000512,0.0,3.496531,0.0,4.7050323,0.0,0.0,0.0,4.124571,0.0,0.0,0.0,3.4561934,0.0,0.0,3.3677998,4.2094965,0.0,0.0,0.0,1.2956195,0.0,0.0,0.0,3.5363634,2.7537448,0.0,0.0,3.997952,5.435527,4.4811654,4.191511
141,plain,0.0,0.0,0.0,0.0,0.0,0.0,0.0,0.0,4.006634,0.0,0.0,0.0,0.0,0.0,0.0,0.0,0.0,3.7829847,3.976419,0.0,0.0,0.0,4.3621435,0.0,0.0,0.0,0.0,0.0,5.59391,0.0,3.2174063,3.853282,3.7713685,0.0,3.2770684,0.0,4.643047,0.0,0.0,0.0,3.7616873,0.0,0.0,0.0,4.1896005,0.0,0.0,3.0939178,4.0654945,0.0,0.0,0.0,3.4040375,0.0,0.0,0.0,3.3332448,3.4380956,0.0,0.0,3.8904715,4.6959295,4.130474,3.7497635
142,venous,0.0,0.0,0.0,0.0,0.0,0.0,0.0,0.0,4.0501013,0.0,0.0,0.0,0.0,0.0,0.0,0.0,0.0,3.9557045,4.296077,0.0,0.0,0.0,4.8037186,0.0,0.0,0.0,0.0,0.0,5.643743,0.0,3.0516286,3.8368297,3.501768,0.0,3.2575514,0.0,4.75637,0.0,0.0,0.0,3.407621,0.0,0.0,0.0,3.7787313,0.0,0.0,3.234788,4.0805655,0.0,0.0,0.0,2.3913627,0.0,0.0,0.0,3.3012578,4.093951,0.0,0.0,3.7589912,4.7592525,3.971525,3.8873997
143,plain,0.0,0.0,0.0,0.0,0.0,0.0,0.0,0.0,4.1841106,0.0,0.0,0.0,0.0,0.0,0.0,0.0,0.0,4.7724533,4.030312,0.0,0.0,0.0,5.509049,0.0,0.0,0.0,0.0,0.0,6.8135567,0.0,3.9601293,3.539468,4.4106,0.0,3.4761214,0.0,5.374797,0.0,0.0,0.0,0.80698544,0.0,0.0,0.0,1.840217,0.0,0.0,3.2561069,4.3971586,0.0,0.0,0.0,2.8014462,0.0,0.0,0.0,3.7084594,6.2865763,0.0,0.0,3.9476776,5.468584,2.8370738,3.6703985
15,plain,0.0,0.0,0.0,0.0,0.0,0.0,0.0,0.0,3.5453346,0.0,0.0,0.0,0.0,0.0,0.0,0.0,0.0,3.3327575,4.611033,0.0,0.0,0.0,1.0830412,0.0,0.0,0.0,0.0,0.0,6.6659746,0.0,6.09805,3.7229953,4.868796,0.0,4.0925827,0.0,4.4492044,0.0,0.0,0.0,7.4153275,0.0,0.0,0.0,4.592618,0.0,0.0,4.4220357,4.6952124,0.0,0.0,0.0,0.0,0.0,0.0,0.0,3.8940926,0.0,0.0,0.0,4.657925,5.835433,5.7169194,4.3054047
15,venous,0.0,0.0,0.0,0.0,0.0,0.0,0.0,0.0,3.9484334,0.0,0.0,0.0,0.0,0.0,0.0,0.0,0.0,4.030946,3.3470435,0.0,0.0,0.0,4.705746,0.0,0.0,0.0,0.0,0.0,5.622278,0.0,2.7007418,3.7258816,3.6866102,0.0,3.2505012,0.0,4.9638367,0.0,0.0,0.0,2.8404646,0.0,0.0,0.0,4.107177,0.0,0.0,3.1783128,4.2745104,0.0,0.0,0.0,4.8023443,0.0,0.0,0.0,3.3851042,5.257741,0.0,0.0,3.6296477,4.60317,3.301343,3.6383705
16,plain,0.0,0.0,0.0,0.0,0.0,0.0,0.0,0.0,4.6959863,0.0,0.0,0.0,0.0,0.0,0.0,0.0,0.0,4.432481,4.170126,0.0,0.0,0.0,4.756619,0.0,0.0,0.0,0.0,0.0,6.015379,0.0,4.257247,3.9122386,4.484398,0.0,3.5497155,0.0,5.0377855,0.0,0.0,0.0,3.7138772,0.0,0.0,0.0,2.969312,0.0,0.0,3.6453302,4.0673714,0.0,0.0,0.0,0.711759,0.0,0.0,0.0,3.6055834,3.8315415,0.0,0.0,4.274504,5.6076655,4.255895,4.318179
16,venous,0.0,0.0,0.0,0.0,0.0,0.0,0.0,0.0,4.631189,0.0,0.0,0.0,0.0,0.0,0.0,0.0,0.0,5.40596,4.8907957,0.0,0.0,0.0,5.995537,0.0,0.0,0.0,0.0,0.0,7.366553,0.0,4.2329383,4.221861,5.1540217,0.0,3.5412354,0.0,5.8087664,0.0,0.0,0.0,0.8645848,0.0,0.0,0.0,1.1723955,0.0,0.0,4.0192394,4.4910893,0.0,0.0,0.0,0.89354146,0.0,0.0,0.0,4.408403,6.9255905,0.0,0.0,4.1433954,6.0969706,3.1935234,3.9014592
17,plain,0.0,0.0,0.0,0.0,0.0,0.0,0.0,0.0,4.4002333,0.0,0.0,0.0,0.0,0.0,0.0,0.0,0.0,4.192128,4.115855,0.0,0.0,0.0,5.4563704,0.0,0.0,0.0,0.0,0.0,6.4952507,0.0,3.0027475,3.8512216,3.8206158,0.0,3.2237172,0.0,5.1431437,0.0,0.0,0.0,0.9711643,0.0,0.0,0.0,2.9351301,0.0,0.0,3.1593733,4.2906857,0.0,0.0,0.0,3.9711864,0.0,0.0,0.0,3.367593,5.8830576,0.0,0.0,3.9036188,5.0439672,2.5804892,3.758729
17,venous,0.0,0.0,0.0,0.47559243,0.0,0.0,0.0,0.0,5.955038,0.0,0.0,0.0,0.0,0.0,0.0,0.0,0.0,5.3131237,6.3819695,0.0,0.0,0.0,6.4795675,0.0,0.0,0.0,0.0,0.0,8.745718,0.0,5.5138664,4.87207,6.4689384,0.0,4.3969984,0.0,5.828535,0.0,0.0,0.0,0.0,0.0,0.0,0.0,0.0,0.0,0.0,3.7569952,4.7966743,0.0,0.0,0.0,0.0,0.0,0.0,0.0,4.58923,7.0050497,0.0,0.0,4.5344687,7.3740053,2.2855744,4.9455075
18,plain,0.0,0.0,0.0,0.12420738,0.0,0.0,0.0,0.0,5.270239,0.0,0.0,0.0,0.0,0.0,0.0,0.0,0.0,4.985101,5.5290203,0.0,0.0,0.0,5.590287,0.0,0.17608273,0.0,0.0,0.0,7.3299775,0.0,5.3066797,4.1437144,5.3055353,0.0,3.7391493,0.0,5.2135863,0.0,0.0,0.0,0.9906062,0.0,0.0,0.0,0.86476016,0.0,0.0,3.778698,4.375297,0.0,0.0,0.0,0.0,0.0,0.0,0.0,4.111276,4.0283575,0.0,0.0,4.5960474,6.789338,3.7117496,4.6074843
18,venous,0.0,0.0,0.0,0.46951562,0.0,0.0,0.0,0.0,5.592991,0.0,0.0,0.0,0.0,0.0,0.0,0.0,0.0,4.7250395,5.4606476,0.0,0.0,0.0,5.6024265,0.0,0.0,0.0,0.0,0.0,7.417178,0.0,5.5322847,4.486985,5.712621,0.0,3.831158,0.0,5.2697477,0.0,0.0,0.0,1.2531574,0.0,0.0,0.0,0.98036945,0.0,0.0,4.0247984,4.0125117,0.0,0.0,0.0,0.0,0.0,0.0,0.0,4.6659813,3.8956485,0.0,0.0,4.4650383,7.0452585,3.7823253,4.4829817
19,plain,0.0,0.0,0.0,0.0,0.0,0.0,0.0,0.0,4.9256687,0.0,0.0,0.0,0.0,0.0,0.0,0.0,0.0,5.107168,5.3869314,0.0,0.0,0.0,5.1816506,0.0,0.0,0.0,0.0,0.0,7.1085186,0.0,4.335609,3.6783714,4.658863,0.0,3.7069046,0.0,5.0622005,0.0,0.0,0.0,3.9627142,0.0,0.023419164,0.0,1.3674628,0.0,0.0,3.9339426,4.2208714,0.0,0.0,0.0,0.0,0.0,0.0,0.0,4.6837482,3.735016,0.0,0.0,3.9831126,6.4846478,3.9036393,3.9250164
19,venous,0.0,0.0,0.0,0.0,0.0,0.0,0.0,0.0,4.0978456,0.0,0.0,0.0,0.0,0.0,0.0,0.0,0.0,4.1427803,4.5472803,0.0,0.0,0.0,4.3280654,0.0,0.0,0.0,0.0,0.0,5.448495,0.0,3.9108198,3.9753528,4.173225,0.0,3.5153806,0.0,4.545746,0.0,0.0,0.0,4.1826806,0.0,0.0,0.0,3.5868452,0.0,0.0,3.4954934,4.4427814,0.0,0.0,0.0,1.0416195,0.0,0.0,0.0,3.8135552,3.0123606,0.0,0.0,4.003669,5.525413,4.7868705,4.3538427
2,plain,0.0,0.0,0.0,0.0,0.0,0.0,0.0,0.0,5.281762,0.0,0.0,0.0,0.0,0.0,0.0,0.0,0.0,5.0187087,6.064977,0.0,0.0,0.0,6.3364124,0.0,0.0,0.0,0.0,0.0,8.640528,0.0,5.548191,4.342165,6.038353,0.0,4.0578117,0.0,5.3111067,0.0,0.0,0.0,0.0,0.0,0.0,0.0,0.0,0.0,0.0,3.9187484,4.7600856,0.0,0.0,0.0,0.0,0.0,0.0,0.0,4.4634123,6.2815,0.0,0.0,4.2938256,6.7764754,2.8700948,4.152563
2,venous,0.0,0.0,0.0,0.0,0.0,0.0,0.0,0.0,5.1479716,0.0,0.0,0.0,0.0,0.0,0.0,0.0,0.0,4.684126,4.84613,0.0,0.0,0.0,5.9745655,0.0,0.0,0.0,0.0,0.0,7.329625,0.0,3.857545,3.9471314,4.952799,0.0,3.6886349,0.0,5.2038994,0.0,0.0,0.0,0.0,0.0,0.0,0.0,1.5047057,0.0,0.0,3.6198072,4.506832,0.0,0.0,0.0,1.8644053,0.0,0.0,0.0,3.6240554,5.990924,0.0,0.0,3.8484936,6.0229106,2.5076241,4.612403
20,venous,0.0,0.0,0.0,0.17434436,0.0,0.0,0.0,0.0,4.6915464,0.0,0.0,0.0,0.0,0.0,0.0,0.0,0.0,4.841902,5.5036654,0.0,0.0,0.0,5.722497,0.0,0.0,0.0,0.0,0.0,7.648011,0.0,5.4481387,4.172444,5.4030514,0.0,3.8821208,0.0,5.335862,0.0,0.0,0.0,1.2904785,0.0,0.0,0.0,0.39936268,0.0,0.0,3.7135608,3.9222717,0.0,0.0,0.0,0.0,0.0,0.0,0.0,4.442443,5.420162,0.0,0.0,4.3896704,6.845809,3.10885,3.9025419
21,plain,0.0,0.0,0.0,0.0,0.0,0.0,0.0,0.0,4.102466,0.0,0.0,0.0,0.0,0.0,0.0,0.0,0.0,3.7229965,4.833415,0.0,0.0,0.0,1.6264441,0.0,0.0,0.0,0.0,0.0,7.153331,0.0,6.502101,3.9517434,5.25653,0.0,4.3164024,0.0,4.3556533,0.0,0.0,0.0,7.1276636,0.0,0.0,0.0,4.012874,0.0,0.0,4.4154587,4.898052,0.0,0.0,0.0,0.0,0.0,0.0,0.0,4.3681736,0.0,0.0,0.0,4.860947,6.3574057,5.4866495,4.525841
21,venous,0.0,0.0,0.0,0.0,0.0,0.0,0.0,0.0,3.9795017,0.0,0.0,0.0,0.0,0.0,0.0,0.0,0.0,4.2633543,3.183087,0.0,0.0,0.0,4.7485504,0.0,0.0,0.0,0.0,0.0,5.8239026,0.0,2.4895372,3.5750158,3.3710408,0.0,3.1794934,0.0,4.7077847,0.0,0.0,0.0,2.0862606,0.0,0.0,0.0,3.797062,0.0,0.0,2.9054012,4.201379,0.0,0.0,0.0,5.413939,0.0,0.0,0.0,3.2270527,6.016864,0.0,0.0,3.5558982,4.6995955,2.5148597,3.4004998
22,venous,0.0,0.0,0.0,0.0,0.0,0.0,0.0,0.0,4.1239653,0.0,0.0,0.0,0.0,0.0,0.0,0.0,0.0,4.252582,3.7051558,0.0,0.0,0.0,4.9933395,0.0,0.0,0.0,0.0,0.0,5.8877306,0.0,2.8897662,3.7357383,3.7472653,0.0,3.2023797,0.0,4.737778,0.0,0.0,0.0,2.4983692,0.0,0.0,0.0,3.617228,0.0,0.0,3.2589226,4.0502615,0.0,0.0,0.0,4.91171,0.0,0.0,0.0,3.403444,5.884633,0.0,0.0,3.8075256,4.856466,2.9862158,3.787572
23,plain,0.0,0.0,0.0,0.0,0.0,0.0,0.0,0.0,3.7306437,0.0,0.0,0.0,0.0,0.0,0.0,0.0,0.0,3.6156597,3.6132078,0.0,0.0,0.0,4.255665,0.0,0.0,0.0,0.0,0.0,5.4526215,0.0,3.048668,3.7635326,3.5274448,0.0,2.8655777,0.0,4.4551334,0.0,0.0,0.0,3.9479344,0.0,0.0,0.0,4.642461,0.0,0.0,3.0093122,4.049539,0.0,0.0,0.0,4.265893,0.0,0.0,0.0,3.112113,3.330801,0.0,0.0,3.830654,4.543188,3.8444247,3.6316383
23,venous,0.0,0.0,0.0,0.0,0.0,0.0,0.0,0.0,3.598041,0.0,0.0,0.0,0.0,0.0,0.0,0.0,0.0,3.746067,4.3674803,0.0,0.0,0.0,2.6397898,0.0,0.0,0.0,0.0,0.0,5.748562,0.0,4.6986585,3.684184,4.2966456,0.0,3.4177556,0.0,4.1468797,0.0,0.0,0.0,5.819502,0.0,0.0,0.0,4.5623484,0.0,0.0,3.9826458,4.3795557,0.0,0.0,0.0,0.54042107,0.0,0.0,0.0,3.5105116,0.4475271,0.0,0.0,3.9856987,5.3583107,5.23462,4.1518917
24,plain,0.0,0.0,0.0,0.0,0.0,0.0,0.0,0.0,3.461223,0.0,0.0,0.0,0.0,0.0,0.0,0.0,0.0,3.5093122,4.653533,0.0,0.0,0.0,0.43201482,0.0,0.0,0.0,0.0,0.0,7.638343,0.0,6.6009345,3.7842577,5.453166,0.0,4.5137835,0.0,4.596977,0.0,0.0,0.0,8.631422,0.0,0.0,0.0,4.7603674,0.0,0.0,4.55626,5.032989,0.0,0.0,0.0,0.0,0.0,0.0,0.0,4.2203116,0.0,0.0,0.0,5.153761,6.7364817,6.0440636,4.662999
24,venous,0.0,0.0,0.0,0.0,0.0,0.0,0.0,0.0,3.7381887,0.0,0.0,0.0,0.0,0.0,0.0,0.0,0.0,3.8328438,3.5485747,0.0,0.0,0.0,4.155472,0.0,0.0,0.0,0.0,0.0,5.32028,0.0,3.2034798,3.7586727,3.6013582,0.0,3.0052602,0.0,4.6859264,0.0,0.0,0.0,5.136647,0.0,0.0,0.0,5.165943,0.0,0.0,3.237791,4.1949363,0.0,0.0,0.0,4.764999,0.0,0.0,0.0,3.4538388,3.7233152,0.0,0.0,3.8534043,4.752486,4.528778,3.9005551
25,plain,0.0,0.0,0.0,0.0,0.0,0.0,0.0,0.0,4.3873463,0.0,0.0,0.0,0.0,0.0,0.0,0.0,0.0,3.798454,4.7076845,0.0,0.0,0.0,3.7363808,0.0,0.0,0.0,0.0,0.0,6.0089226,0.0,4.3652363,3.760734,4.432824,0.0,3.4146786,0.0,4.5211496,0.0,0.0,0.0,5.253733,0.0,0.0,0.0,4.069494,0.0,0.0,3.9330125,4.091064,0.0,0.0,0.0,0.57093036,0.0,0.0,0.0,3.5745654,1.1474985,0.0,0.0,4.0373425,5.6462936,5.244567,4.449519
25,venous,0.0,0.0,0.0,0.0,0.0,0.0,0.0,0.0,4.2443924,0.0,0.0,0.0,0.0,0.0,0.0,0.0,0.0,4.1451454,4.7462797,0.0,0.0,0.0,4.120961,0.0,0.0,0.0,0.0,0.0,6.210515,0.0,3.8783197,3.726778,4.198906,0.0,3.4526129,0.0,4.5006742,0.0,0.0,0.0,4.764054,0.0,0.0,0.0,3.801758,0.0,0.0,3.8087816,4.2954364,0.0,0.0,0.0,0.53391594,0.0,0.0,0.0,3.6044586,1.4815096,0.0,0.0,3.9645157,5.6634293,4.8324757,4.3608017
26,plain,0.0,0.0,0.0,0.0,0.0,0.0,0.0,0.0,4.015263,0.0,0.0,0.0,0.0,0.0,0.0,0.0,0.0,3.8003476,4.118473,0.0,0.0,0.0,3.9634838,0.0,0.0,0.0,0.0,0.0,5.34389,0.0,3.7770066,4.0088973,3.9656985,0.0,3.088337,0.0,4.6160793,0.0,0.0,0.0,4.5678554,0.0,0.0,0.0,3.6391592,0.0,0.0,3.2069597,3.8017278,0.0,0.0,0.0,1.6838439,0.0,0.0,0.0,3.4956584,3.1933758,0.0,0.0,3.9726806,5.2207127,4.630865,3.5926633
26,venous,0.0,0.0,0.0,0.0,0.0,0.0,0.0,0.0,3.1599417,0.0,0.0,0.0,0.0,0.0,0.0,0.0,0.0,3.3588572,4.48611,0.0,0.0,0.0,1.082089,0.0,0.0,0.0,0.0,0.0,6.2927938,0.0,5.541157,4.003461,4.6368732,0.0,3.8710337,0.0,4.141844,0.0,0.0,0.0,7.212161,0.0,0.0,0.0,4.499399,0.0,0.0,4.1304293,4.260461,0.0,0.0,0.0,0.0,0.0,0.0,0.0,3.9045892,0.0,0.0,0.0,4.379592,5.9661927,5.621727,4.376743
27,plain,0.0,0.0,0.0,0.0,0.0,0.0,0.0,0.0,2.966951,0.0,0.0,0.0,0.0,0.0,0.0,0.0,0.0,2.9559126,4.2437835,0.0,0.0,0.0,0.120915994,0.0,0.0,0.0,0.0,0.0,6.6452484,0.0,5.9292326,3.621341,4.874472,0.0,3.89175,0.0,4.2295604,0.0,0.0,0.0,8.473875,0.0,0.0,0.0,4.746779,0.0,0.0,3.9273362,4.0673285,0.0,0.0,0.0,0.0,0.0,0.0,0.0,3.7838786,0.0,0.0,0.0,4.783862,6.167102,5.9449615,4.386256
27,venous,0.0,0.0,0.0,0.9686831,0.0,0.0,0.0,0.0,5.9867086,0.0,0.0,0.0,0.0,0.0,0.0,0.0,0.0,5.27817,6.1745224,0.0,0.0,0.0,6.1919336,0.0,0.15039444,0.0,0.0,0.0,8.640165,0.0,6.860485,4.7115946,6.901845,0.0,4.540125,0.0,5.4079356,0.0,0.0,0.0,0.0,0.0,0.0,0.0,0.0,0.0,0.0,4.1392937,3.7850742,0.0,0.0,0.0,0.0,0.0,0.0,0.0,5.3609724,4.347826,0.0,0.0,4.666916,8.024793,4.0732718,4.4059305
28,plain,0.0,0.0,0.0,0.0,0.0,0.0,0.0,0.0,3.4521053,0.0,0.0,0.0,0.0,0.0,0.0,0.0,0.0,3.5459151,4.784917,0.0,0.0,0.0,0.7916565,0.0,0.0,0.0,0.0,0.0,6.7558365,0.0,6.4556236,3.935784,5.0199785,0.0,4.226536,0.0,4.3108525,0.0,0.0,0.0,7.761941,0.0,0.0,0.0,4.87344,0.0,0.0,4.0875635,5.046853,0.0,0.0,0.0,0.0,0.0,0.0,0.0,4.2896395,0.0,0.0,0.0,4.887819,6.288724,5.5094557,4.2423296
28,venous,0.0,0.0,0.0,0.0,0.0,0.0,0.0,0.0,4.2939987,0.0,0.0,0.0,0.0,0.0,0.0,0.0,0.0,4.5854235,5.0607862,0.0,0.0,0.0,5.141715,0.0,0.0,0.0,0.0,0.0,6.893787,0.0,4.5205145,4.0834174,4.718139,0.0,3.356676,0.0,5.2162886,0.0,0.0,0.0,3.033899,0.0,0.0,0.0,2.5446477,0.0,0.0,3.4694996,4.553646,0.0,0.0,0.0,1.5331929,0.0,0.0,0.0,4.041287,4.9208374,0.0,0.0,4.166415,5.8115253,3.3435178,3.995068
29,plain,0.0,0.0,0.0,0.0,0.0,0.0,0.0,0.0,3.8968725,0.0,0.0,0.0,0.0,0.0,0.0,0.0,0.0,3.7716708,3.787664,0.0,0.0,0.0,4.2606277,0.0,0.0,0.0,0.0,0.0,5.515003,0.0,2.9960852,3.6050425,3.387435,0.0,3.1767805,0.0,4.424406,0.0,0.0,0.0,3.5780377,0.0,0.0,0.0,4.221465,0.0,0.0,2.9759746,4.179489,0.0,0.0,0.0,3.9479365,0.0,0.0,0.0,3.4066086,3.7239504,0.0,0.0,3.7389045,4.7199283,3.809708,3.7087784
29,venous,0.0,0.0,0.0,0.0,0.0,0.0,0.0,0.0,4.0807953,0.0,0.0,0.0,0.0,0.0,0.0,0.0,0.0,4.038744,3.9014459,0.0,0.0,0.0,4.567137,0.0,0.0,0.0,0.0,0.0,5.796545,0.0,3.1226163,3.5586524,3.6458156,0.0,3.429752,0.0,4.618942,0.0,0.0,0.0,3.0916877,0.0,0.0,0.0,3.8640869,0.0,0.0,2.996932,4.3291807,0.0,0.0,0.0,3.5207067,0.0,0.0,0.0,3.6074936,4.0142584,0.0,0.0,3.875831,4.9937525,3.5493348,3.875869
3,plain,0.0,0.0,0.0,0.0,0.0,0.0,0.0,0.0,3.887317,0.0,0.0,0.0,0.0,0.0,0.0,0.0,0.0,3.7218068,4.189746,0.0,0.0,0.0,3.5224056,0.0,0.0,0.0,0.0,0.0,5.3134565,0.0,4.584408,4.010459,3.9105763,0.0,3.4441214,0.0,4.3733,0.0,0.0,0.0,5.849162,0.0,0.0,0.0,4.319208,0.0,0.0,3.4804692,4.1412663,0.0,0.0,0.0,1.2482998,0.0,0.0,0.0,3.5643291,2.0512033,0.0,0.0,3.9063385,5.308174,4.8862705,4.047029
3,venous,0.0,0.0,0.0,0.0,0.0,0.0,0.0,0.0,3.4411526,0.0,0.0,0.0,0.0,0.0,0.0,0.0,0.0,3.824507,3.56165,0.0,0.0,0.0,4.1325264,0.0,0.0,0.0,0.0,0.0,5.3640237,0.0,3.1482697,3.955193,3.5309627,0.0,3.0111647,0.0,4.2804947,0.0,0.0,0.0,4.779417,0.0,0.0,0.0,5.096145,0.0,0.0,3.109138,3.9960706,0.0,0.0,0.0,5.0606318,0.0,0.0,0.0,3.3414862,3.5910094,0.0,0.0,4.033381,5.0830708,4.2363024,3.5890613
30,plain,0.0,0.0,0.0,0.0,0.0,0.0,0.0,0.0,3.6355262,0.0,0.0,0.0,0.0,0.0,0.0,0.0,0.0,3.6529531,4.3443074,0.0,0.0,0.0,2.465514,0.0,0.0,0.0,0.0,0.0,5.8630157,0.0,5.7521906,3.7503421,4.62166,0.0,3.3231578,0.0,4.54498,0.0,0.0,0.0,6.090934,0.0,0.0,0.0,4.1109586,0.0,0.0,3.74354,4.069968,0.0,0.0,0.0,0.0,0.0,0.0,0.0,3.8653512,0.6001141,0.0,0.0,3.9751248,6.036044,5.0787206,3.8715892
30,venous,0.0,0.0,0.0,0.77910584,0.0,0.0,0.0,0.0,7.0132227,0.0,0.0,0.0,0.0,0.0,0.0,0.0,0.0,5.2822714,6.052923,0.0063908994,0.0,0.0,6.2283425,0.0,0.0,0.0,0.0,0.0,8.143173,0.0,6.126391,4.9124975,6.7301197,0.0,4.609144,0.0,5.5350013,0.0,0.0,0.0,0.5934838,0.0,0.0,0.0,0.0,0.0,0.0,3.8859613,4.0671053,0.0,0.0,0.0,0.0,0.0,0.0,0.0,5.052327,4.908756,0.0,0.0,4.6113214,7.8296065,3.771791,5.055385
31,plain,0.0,0.0,0.0,0.0,0.0,0.0,0.0,0.0,4.064914,0.0,0.0,0.0,0.0,0.0,0.0,0.0,0.0,3.8022459,4.3081565,0.0,0.0,0.0,2.7231567,0.0,0.0,0.0,0.0,0.0,6.60911,0.0,5.7338834,4.298279,4.807063,0.0,3.3655272,0.0,5.1246843,0.0,0.0,0.0,6.1445355,0.0,0.0,0.0,3.5777812,0.0,0.0,3.8425412,3.9337869,0.0,0.0,0.0,0.0,0.0,0.0,0.0,4.1084785,0.0,0.0,0.0,4.2011147,6.112629,5.790168,4.712413
31,venous,0.0,0.0,0.0,0.01336053,0.0,0.0,0.0,0.0,5.077313,0.0,0.0,0.0,0.0,0.0,0.0,0.0,0.0,4.202464,5.2522717,0.0,0.0,0.0,5.0563803,0.0,0.0,0.0,0.0,0.0,6.3212237,0.0,4.240263,4.0309334,4.7964015,0.0,4.0168047,0.0,4.798733,0.0,0.0,0.0,2.815549,0.0,0.0,0.0,2.0983708,0.0,0.0,3.847477,4.0116205,0.0,0.0,0.0,0.0,0.0,0.0,0.0,4.0322523,3.398806,0.0,0.0,4.1162777,6.5152907,4.5412993,4.4577484
32,plain,0.0,0.0,0.0,0.0,0.0,0.0,0.0,0.0,3.3335345,0.0,0.0,0.0,0.0,0.0,0.0,0.0,0.0,3.2596362,4.631579,0.0,0.0,0.0,0.6823596,0.0,0.0,0.0,0.0,0.0,7.091932,0.0,6.497894,3.435783,5.477338,0.0,4.1306415,0.0,4.349757,0.0,0.0,0.0,7.4732385,0.15868214,0.0,0.0,3.9008207,0.0,0.0,4.1373286,4.894136,0.0,0.0,0.0,0.0,0.0,0.0,0.0,4.336688,0.0,0.0,0.0,4.8724947,6.3981905,5.062585,4.47388
32,venous,0.0,0.0,0.0,0.0,0.0,0.0,0.0,0.0,4.08228,0.0,0.0,0.0,0.0,0.0,0.0,0.0,0.0,3.915166,5.282686,0.0,0.0,0.0,1.3507118,0.0,0.0,0.0,0.0,0.0,7.945386,0.0,6.8826075,4.170336,5.744114,0.0,4.545252,0.0,4.483694,0.0,0.0,0.0,6.9700537,0.0,0.0,0.0,3.4088473,0.0,0.0,4.4799967,5.4425116,0.0,0.0,0.0,0.0,0.0,0.0,0.0,4.860537,0.0,0.0,0.0,4.947136,6.785185,5.1265106,4.66787
33,plain,0.0,0.0,0.0,0.0,0.0,0.0,0.0,0.0,2.9127579,0.0,0.0,0.0,0.0,0.0,0.0,0.0,0.0,3.195633,4.753378,0.0,0.0,0.0,0.19834048,0.0,0.0,0.0,0.0,0.0,6.477196,0.0,5.9467683,3.8586113,4.8430953,0.0,4.3013687,0.0,4.117245,0.0,0.0,0.0,8.167787,0.0,0.0,0.0,4.7649603,0.0,0.0,4.284917,4.7429733,0.0,0.0,0.0,0.0,0.0,0.0,0.0,4.0810766,0.0,0.0,0.0,4.6761928,6.113246,5.555765,4.1055307
33,venous,0.0,0.0,0.0,0.013225168,0.0,0.0,0.0,0.0,5.5082293,0.0,0.0,0.0,0.0,0.0,0.0,0.0,0.0,5.2484097,5.724126,0.0,0.0,0.0,6.4022303,0.0,0.0,0.0,0.0,0.0,8.042055,0.0,4.5579796,4.0886774,5.5264945,0.0,3.9883509,0.0,5.539119,0.0,0.0,0.0,0.0,0.0,0.0,0.0,0.32304883,0.0,0.0,4.0381703,4.560011,0.0,0.0,0.0,0.0,0.0,0.0,0.0,3.728456,5.306095,0.0,0.0,4.2365856,7.2285495,2.5707035,5.003059
34,plain,0.0,0.0,0.0,0.0,0.0,0.0,0.0,0.0,3.260323,0.0,0.0,0.0,0.0,0.0,0.0,0.0,0.0,3.8063562,4.7986875,0.0,0.0,0.0,1.1527236,0.0,0.0,0.0,0.0,0.0,7.285445,0.0,6.451398,3.8244715,5.4848776,0.0,4.339034,0.0,4.6040273,0.0,0.0,0.0,6.8554583,0.0,0.0,0.0,3.6832957,0.0,0.0,4.3993077,5.0904818,0.0,0.0,0.0,0.0,0.0,0.0,0.0,4.4956155,0.0,0.0,0.0,4.313271,6.5471535,4.8072023,4.281167
34,venous,0.0,0.0,0.0,0.0,0.0,0.0,0.0,0.0,3.6478095,0.0,0.0,0.0,0.0,0.0,0.0,0.0,0.0,4.1559453,3.28836,0.0,0.0,0.0,4.653413,0.0,0.0,0.0,0.0,0.0,5.654168,0.0,2.9731722,3.5599265,3.711078,0.0,3.3019965,0.0,4.9061604,0.0,0.0,0.0,3.6473658,0.0,0.0,0.0,4.530447,0.0,0.0,3.246914,4.1198964,0.0,0.0,0.0,5.1763363,0.0,0.0,0.0,3.2217839,4.5779686,0.0,0.0,3.8142538,5.060504,3.7324474,3.719189
35,venous,0.0,0.0,0.0,0.0,0.0,0.0,0.0,0.0,3.228621,0.0,0.0,0.0,0.0,0.0,0.0,0.0,0.0,3.3777647,3.3001807,0.0,0.0,0.0,3.889181,0.0,0.0,0.0,0.0,0.0,5.184373,0.0,2.646309,3.7223723,3.1352644,0.0,2.8984575,0.0,4.1418343,0.0,0.0,0.0,4.860284,0.0,0.0,0.0,5.0912704,0.0,0.0,3.0074644,4.0182567,0.0,0.0,0.0,5.788624,0.0,0.0,0.0,3.1965313,3.6131878,0.0,0.0,3.6886773,4.568067,3.9560347,3.47318
36,plain,0.0,0.0,0.0,0.0,0.0,0.0,0.0,0.0,4.7568464,0.0,0.0,0.0,0.0,0.0,0.0,0.0,0.0,4.2322206,5.102598,0.0,0.0,0.0,5.142271,0.0,0.0,0.0,0.0,0.0,6.196409,0.0,4.4076443,4.109512,4.697937,0.0,3.5985575,0.0,5.191079,0.0,0.0,0.0,2.7610004,0.0,0.0,0.0,2.018684,0.0,0.0,3.4408185,3.8481266,0.0,0.0,0.0,0.0,0.0,0.0,0.0,3.9226017,3.8615065,0.0,0.0,4.1315737,6.360978,4.3193746,4.0335827
36,venous,0.0,0.0,0.0,0.0,0.0,0.0,0.0,0.0,5.345719,0.0,0.0,0.0,0.0,0.0,0.0,0.0,0.0,4.5049477,5.1809974,0.0,0.0,0.0,5.401845,0.0,0.0,0.0,0.0,0.0,6.6540093,0.0,4.48975,4.0258656,4.961644,0.0,3.844189,0.0,5.1203938,0.0,0.0,0.0,2.4102812,0.0,0.0,0.0,1.1527896,0.0,0.0,3.8505123,3.767292,0.0,0.0,0.3372419,0.0,0.0,0.0,0.0,4.408784,4.34678,0.0,0.0,4.1397214,6.748022,4.1636252,4.103017
37,plain,0.0,0.0,0.0,0.0,0.0,0.0,0.0,0.0,3.2080588,0.0,0.0,0.0,0.0,0.0,0.0,0.0,0.0,3.5797052,2.8990498,0.0,0.0,0.0,4.291933,0.0,0.0,0.0,0.0,0.0,5.4869266,0.0,2.3818634,3.4532404,3.213337,0.0,2.9175408,0.0,4.4290805,0.0,0.0,0.0,3.4016395,0.0,0.0,0.0,4.5729036,0.0,0.0,3.0706973,4.292577,0.0,0.0,0.0,6.3859224,0.0,0.0,0.0,2.9613795,5.01511,0.0,0.0,3.6034489,4.4988227,3.0551949,3.3705068
37,venous,0.0,0.0,0.0,0.0,0.0,0.0,0.0,0.0,3.6075218,0.0,0.0,0.0,0.0,0.0,0.0,0.0,0.0,4.0822363,3.4071224,0.0,0.0,0.0,4.954837,0.0,0.0,0.0,0.0,0.0,6.0489874,0.0,2.755731,3.842689,3.584657,0.0,3.3783104,0.0,4.864396,0.0,0.0,0.0,3.8185053,0.0,0.0,0.0,5.076476,0.0,0.0,3.1432023,4.5650587,0.0,0.0,0.0,6.9645834,0.0,0.0,0.0,3.4372764,5.6280103,0.0,0.0,3.96249,4.935931,3.3440142,3.7755156
38,plain,0.0,0.0,0.0,0.0,0.0,0.0,0.0,0.0,3.2008717,0.0,0.0,0.0,0.0,0.0,0.0,0.0,0.0,3.9146423,4.741932,0.0,0.0,0.0,1.3581795,0.0,0.0,0.0,0.0,0.0,7.165578,0.0,5.9463887,3.8487525,5.552436,0.0,3.9927783,0.0,4.582971,0.0,0.0,0.0,6.536498,0.076903164,0.0,0.0,3.8821115,0.0,0.0,4.122207,4.8780837,0.0,0.0,0.0,0.0,0.0,0.0,0.0,4.1003537,0.0,0.0,0.0,4.6649413,6.5252104,5.1053686,4.187873
38,venous,0.0,0.0,0.0,0.0,0.0,0.0,0.0,0.0,3.6201391,0.0,0.0,0.0,0.0,0.0,0.0,0.0,0.0,4.0403876,3.3527462,0.0,0.0,0.0,4.743776,0.0,0.0,0.0,0.0,0.0,6.0440817,0.0,2.914524,3.9246166,3.4583936,0.0,3.115072,0.0,4.730256,0.0,0.0,0.0,3.388733,0.0,0.0,0.0,4.905444,0.0,0.0,3.2039218,4.3607492,0.0,0.0,0.0,6.728664,0.0,0.0,0.0,3.355847,5.5824423,0.0,0.0,3.7978432,4.647999,3.3446426,3.6850028
39,plain,0.0,0.0,0.0,0.0,0.0,0.0,0.0,0.0,5.590411,0.0,0.0,0.0,0.0,0.0,0.0,0.0,0.0,5.361769,5.3660645,0.0,0.0,0.0,6.317751,0.0,0.0,0.0,0.0,0.0,7.717663,0.0,4.956867,4.4536905,5.3936744,0.0,4.045926,0.0,5.7117352,0.0,0.0,0.0,0.0,0.0,0.0,0.0,0.320351,0.0,0.0,3.7181885,4.5846453,0.0,0.0,0.0,0.810682,0.0,0.0,0.0,4.2910833,6.907625,0.0,0.0,4.2380047,6.3440347,2.2959902,4.345829
39,venous,0.0,0.0,0.0,0.0,0.0,0.0,0.0,0.0,4.3020024,0.0,0.0,0.0,0.0,0.0,0.0,0.0,0.0,4.41196,3.4879732,0.0,0.0,0.0,5.628313,0.0,0.0,0.0,0.0,0.0,7.055339,0.0,2.4277873,4.108908,3.9146476,0.0,3.496026,0.0,5.1545987,0.0,0.0,0.0,1.2938619,0.0,0.0,0.0,4.4092,0.0,0.0,3.5480266,4.8802433,0.0,0.0,0.0,7.544013,0.0,0.0,0.0,3.316425,6.4876595,0.0,0.0,4.0053587,5.1626987,2.517502,4.0883656
4,plain,0.0,0.0,0.0,0.500638,0.0,0.0,0.0,0.0,5.7463355,0.0,0.0,0.0,0.0,0.0,0.0,0.0,0.0,5.2066083,5.889943,0.0,0.0,0.0,5.9715075,0.0,0.0,0.0,0.0,0.0,8.14414,0.0,5.5895567,4.834428,6.068427,0.0,3.837267,0.0,5.61121,0.0,0.0,0.0,0.0,0.0,0.0,0.0,0.05922264,0.0,0.0,3.7963316,4.4918213,0.0,0.0,0.0,0.0,0.0,0.0,0.0,4.634338,4.6983085,0.0,0.0,4.656296,7.444451,2.754667,4.9284725
4,venous,0.0,0.0,0.0,0.3169695,0.0,0.0,0.0,0.0,5.000805,0.0,0.0,0.0,0.0,0.0,0.0,0.0,0.0,4.7714763,5.759896,0.0,0.0,0.0,5.65425,0.0,0.0,0.0,0.0,0.0,7.772892,0.0,5.3803606,4.3891897,5.5211353,0.0,3.6284318,0.0,5.5417223,0.0,0.0,0.0,0.34559476,0.0,0.0,0.0,0.20658761,0.0,0.0,4.0216594,4.5366983,0.0,0.0,0.0,0.0,0.0,0.0,0.0,4.3165455,5.2382402,0.0,0.0,4.210702,6.9257765,2.791565,4.6062903
40,venous,0.0,0.0,0.0,0.0,0.0,0.0,0.0,0.0,5.010377,0.0,0.0,0.0,0.0,0.0,0.0,0.0,0.0,4.8485727,4.846307,0.0,0.0,0.0,5.8475647,0.0,0.0,0.0,0.0,0.0,7.135033,0.0,3.8534472,3.8762655,4.953859,0.0,3.810896,0.0,5.4130096,0.0,0.0,0.0,0.18948454,0.0,0.0,0.0,1.7685906,0.0,0.0,3.533225,4.541893,0.0,0.0,0.0,2.0999362,0.0,0.0,0.0,3.827847,6.234453,0.0,0.0,4.201202,6.058208,2.7753572,4.4939537
41,venous,0.0,0.0,0.0,0.0,0.0,0.0,0.0,0.0,3.4108176,0.0,0.0,0.0,0.0,0.0,0.0,0.0,0.0,3.5262387,3.424803,0.0,0.0,0.0,4.175689,0.0,0.0,0.0,0.0,0.0,5.0724754,0.0,2.6892571,3.3172112,3.4398847,0.0,2.963399,0.0,4.6568723,0.0,0.0,0.0,3.9861305,0.0,0.0,0.0,4.699112,0.0,0.0,3.02953,4.030986,0.0,0.0,0.0,4.9303803,0.0,0.0,0.0,3.0949402,4.402507,0.0,0.0,3.470863,4.5313582,3.7015393,3.5422313
42,plain,0.0,0.0,0.0,0.0,0.0,0.0,0.0,0.0,3.5961595,0.0,0.0,0.0,0.0,0.0,0.0,0.0,0.0,3.9756,3.4075356,0.0,0.0,0.0,4.6760497,0.0,0.0,0.0,0.0,0.0,5.650177,0.0,2.7763376,3.345387,3.522911,0.0,2.9491382,0.0,4.5337973,0.0,0.0,0.0,3.272272,0.0,0.0,0.0,4.177332,0.0,0.0,3.084961,4.0173726,0.0,0.0,0.0,5.717769,0.0,0.0,0.0,3.3552384,5.3189874,0.0,0.0,3.742053,4.54095,3.1082063,3.4817727
42,venous,0.0,0.0,0.0,0.0,0.0,0.0,0.0,0.0,2.6156323,0.0,0.0,0.0,0.0,0.0,0.0,0.0,0.0,2.3866615,3.263554,0.0,0.0,0.0,1.3936312,0.0,0.0,0.0,0.0,0.0,3.9841754,0.0,3.7914298,2.7035296,3.1134763,0.0,2.4060347,0.0,3.0239148,0.0,0.0,0.0,4.691899,0.0,0.0,0.0,3.3684916,0.0,0.0,2.6001453,3.2498689,0.0,0.0,0.0,0.352105,0.0,0.0,0.0,2.7530591,0.4405975,0.0,0.0,2.8199024,3.6919725,3.499112,3.0583675
43,plain,0.0,0.0,0.0,0.0,0.0,0.0,0.0,0.0,4.539434,0.0,0.0,0.0,0.0,0.0,0.0,0.0,0.0,4.436118,4.5969715,0.0,0.0,0.0,5.2263317,0.0,0.0,0.0,0.0,0.0,6.0701637,0.0,3.6746802,3.793004,4.0536666,0.0,3.479783,0.0,4.9846616,0.0,0.0,0.0,2.5086555,0.0,0.0,0.0,2.6821177,0.0,0.0,3.2761848,4.030447,0.0,0.0,0.0,1.5240033,0.0,0.0,0.0,3.8383284,4.4009132,0.0,0.0,3.919711,5.909935,3.7556992,3.9310696
43,venous,0.0,0.0,0.0,0.0,0.0,0.0,0.0,0.0,4.4388304,0.0,0.0,0.0,0.0,0.0,0.0,0.0,0.0,4.4123907,4.8447423,0.0,0.0,0.0,5.185064,0.0,0.0,0.0,0.0,0.0,6.0214825,0.0,3.6979399,3.824553,4.2412767,0.0,3.24492,0.0,4.857356,0.0,0.0,0.0,1.8933696,0.0,0.0,0.0,2.5643508,0.0,0.0,3.6003537,4.2473354,0.0,0.0,0.0,1.335472,0.0,0.0,0.0,3.9726648,4.467079,0.0,0.0,4.108393,5.9148855,3.617407,4.0586414
44,plain,0.0,0.0,0.0,0.0,0.0,0.0,0.0,0.0,5.70156,0.0,0.0,0.0,0.0,0.0,0.0,0.0,0.0,5.638958,6.1129627,0.0,0.0,0.0,6.911948,0.0,0.0,0.0,0.0,0.0,8.600229,0.0,5.4530473,4.6040545,6.190055,0.0,4.297049,0.0,5.9584,0.0,0.0,0.0,0.0,0.0,0.0,0.0,0.37444687,0.0,0.0,4.2711535,4.687186,0.0,0.0,0.0,0.30795738,0.0,0.0,0.0,4.492691,8.09045,0.0,0.0,4.570074,6.425384,2.2116122,4.4038973
44,venous,0.0,0.0,0.0,0.0,0.0,0.0,0.0,0.0,4.207491,0.0,0.0,0.0,0.0,0.0,0.0,0.0,0.0,4.437332,3.2293181,0.0,0.0,0.0,5.2049117,0.0,0.0,0.0,0.0,0.0,6.4117875,0.0,2.8117971,3.431927,4.0433836,0.0,3.6531773,0.0,5.08259,0.0,0.0,0.0,1.4511139,0.0,0.0,0.0,3.9952607,0.0,0.0,3.4872544,4.3537188,0.0,0.0,0.0,6.2503695,0.0,0.0,0.0,3.2912517,6.5144453,0.0,0.0,3.704017,4.765276,2.3291287,3.8684409
45,plain,0.0,0.0,0.0,0.0,0.0,0.0,0.0,0.0,3.8161497,0.0,0.0,0.0,0.0,0.0,0.0,0.0,0.0,3.571603,3.5074153,0.0,0.0,0.0,4.35291,0.0,0.0,0.0,0.0,0.0,5.3618264,0.0,2.6658998,3.5962598,3.3586073,0.0,3.0005624,0.0,4.1937766,0.0,0.0,0.0,3.875544,0.0,0.0,0.0,4.354691,0.0,0.0,3.1869307,4.073526,0.0,0.0,0.0,4.7495604,0.0,0.0,0.0,3.1693707,4.323312,0.0,0.0,3.9220207,4.7254925,3.7892716,3.5138035
45,venous,0.0,0.0,0.0,0.0,0.0,0.0,0.0,0.0,4.076247,0.0,0.0,0.0,0.0,0.0,0.0,0.0,0.0,3.978195,3.7702641,0.0,0.0,0.0,4.8577204,0.0,0.0,0.0,0.0,0.0,5.789795,0.0,2.8533392,3.950036,3.8112216,0.0,3.3512816,0.0,4.771961,0.0,0.0,0.0,3.4060822,0.0,0.0,0.0,4.290054,0.0,0.0,3.4124012,4.373771,0.0,0.0,0.0,4.471384,0.0,0.0,0.0,3.6055772,5.0504923,0.0,0.0,4.029485,4.939329,3.903431,3.6655955
46,plain,0.0,0.0,0.0,0.0,0.0,0.0,0.0,0.0,4.70015,0.0,0.0,0.0,0.0,0.0,0.0,0.0,0.0,4.6467524,4.8297033,0.0,0.0,0.0,5.3464885,0.0,0.0,0.0,0.0,0.0,6.9184546,0.0,4.0495806,4.2194033,4.4577847,0.0,3.5467353,0.0,5.028243,0.0,0.0,0.0,0.8390571,0.0,0.0,0.0,2.8985646,0.0,0.0,3.515408,4.677265,0.0,0.0,0.0,1.977244,0.0,0.0,0.0,3.5730324,5.0162296,0.0,0.0,4.1642017,5.766205,3.188089,4.323796
46,venous,0.0,0.0,0.0,0.0,0.0,0.0,0.0,0.0,3.9375176,0.0,0.0,0.0,0.0,0.0,0.0,0.0,0.0,4.3242545,5.245468,0.0,0.0,0.0,1.3965116,0.0,0.0,0.0,0.0,0.0,7.5532665,0.0,6.77385,4.186026,6.078611,0.0,4.574676,0.0,4.685449,0.0,0.0,0.0,7.774887,0.0,0.0,0.0,4.5988235,0.0,0.0,4.606203,5.611443,0.0,0.0,0.0,0.0,0.0,0.0,0.0,5.1429324,0.0,0.0,0.0,5.125346,7.39427,5.946067,4.778575
47,plain,0.0,0.0,0.0,0.0,0.0,0.0,0.0,0.0,3.4305747,0.0,0.0,0.0,0.0,0.0,0.0,0.0,0.0,3.122898,4.300085,0.0,0.0,0.0,0.16031714,0.0,0.0,0.0,0.0,0.0,6.8006644,0.0,6.6691437,3.675331,5.1106443,0.0,3.863218,0.0,4.165757,0.0,0.0,0.0,8.142889,0.042391106,0.0,0.0,4.4421234,0.0,0.0,4.021517,4.3931203,0.0,0.0,0.0,0.0,0.0,0.0,0.0,4.0925093,0.0,0.0,0.0,4.7755604,6.3752527,5.9313507,4.116225
47,venous,0.0,0.0,0.0,0.0,0.0,0.0,0.0,0.0,3.87126,0.0,0.0,0.0,0.0,0.0,0.0,0.0,0.0,3.5649045,4.3618174,0.0,0.0,0.0,1.8662257,0.0,0.0,0.0,0.0,0.0,6.453216,0.0,6.2993393,4.2610817,4.8265038,0.0,3.7133508,0.0,4.5537105,0.0,0.0,0.0,6.958585,0.0,0.0,0.0,4.074679,0.0,0.0,4.026453,4.3735228,0.0,0.0,0.0,0.0,0.0,0.0,0.0,4.1647015,0.0,0.0,0.0,4.4007797,6.242413,5.7860446,4.3529816
48,plain,0.0,0.0,0.0,0.0,0.0,0.0,0.0,0.0,4.511924,0.0,0.0,0.0,0.0,0.0,0.0,0.0,0.0,4.4850006,4.7699404,0.0,0.0,0.0,4.5178366,0.0,0.0,0.0,0.0,0.0,6.4324045,0.0,4.2022457,4.0431924,4.349868,0.0,3.4135468,0.0,5.044374,0.0,0.0,0.0,4.781743,0.0,0.0,0.0,4.5558834,0.0,0.0,3.8765223,4.8689213,0.0,0.0,0.0,3.0465312,0.0,0.0,0.0,3.897171,3.2922075,0.0,0.0,4.5500317,5.963609,4.8735805,4.869156
48,venous,0.0,0.0,0.0,0.34742907,0.0,0.0,0.0,0.0,6.787134,0.0,0.0,0.0,0.0,0.0,0.0,0.0,0.0,6.095665,6.977684,0.0,0.0,0.0,7.4793444,0.0,0.17833635,0.0,0.0,0.0,9.634769,0.0,6.338799,5.532675,7.3329916,0.0,4.679022,0.0,6.42582,0.0,0.0,0.0,0.0,0.0,0.0,0.0,0.0,0.0,0.0,4.2521577,5.3191357,0.0,0.0,0.0,0.0,0.0,0.0,0.0,5.033776,8.016868,0.0,0.0,5.07893,8.08674,2.4163713,5.697024
49,plain,0.0,0.0,0.0,0.0,0.0,0.0,0.0,0.0,3.483766,0.0,0.0,0.0,0.0,0.0,0.0,0.0,0.0,3.43018,4.341337,0.0,0.0,0.0,0.426476,0.0,0.0,0.0,0.0,0.0,7.0304384,0.0,6.454943,3.9299183,5.033166,0.0,3.938836,0.0,4.2672133,0.0,0.0,0.0,7.890978,0.0,0.0,0.0,4.699793,0.0,0.0,4.225131,4.564926,0.0,0.0,0.0,0.0,0.0,0.0,0.0,4.010832,0.0,0.0,0.0,4.671326,6.1204824,5.6517797,4.3265147
49,venous,0.0,0.0,0.0,0.0,0.0,0.0,0.0,0.0,3.857623,0.0,0.0,0.0,0.0,0.0,0.0,0.0,0.0,3.7595243,3.811661,0.0,0.0,0.0,4.65715,0.0,0.0,0.0,0.0,0.0,5.504322,0.0,2.9259403,3.818778,3.5655694,0.0,3.3369353,0.0,4.747262,0.0,0.0,0.0,3.5722735,0.0,0.0,0.0,4.3186893,0.0,0.0,3.26166,4.1972575,0.0,0.0,0.0,4.290944,0.0,0.0,0.0,3.3352778,4.316837,0.0,0.0,3.8130522,4.801745,3.603857,3.7269077
5,plain,0.0,0.0,0.0,0.0,0.0,0.0,0.0,0.0,4.9259176,0.0,0.0,0.0,0.0,0.0,0.0,0.0,0.0,4.487498,4.5242844,0.0,0.0,0.0,5.7192163,0.0,0.0,0.0,0.0,0.0,7.070117,0.0,3.7713556,3.607079,4.4371777,0.0,3.6194901,0.0,5.1784496,0.0,0.0,0.0,0.0,0.0,0.0,0.0,2.4261432,0.0,0.0,3.747181,4.5796967,0.0,0.0,0.0,2.8654354,0.0,0.0,0.0,3.211721,5.6636133,0.0,0.0,3.7029123,5.53292,2.1368759,4.3680515
5,venous,0.0,0.0,0.0,0.06345685,0.0,0.0,0.0,0.0,5.4051714,0.0,0.0,0.0,0.0,0.0,0.0,0.0,0.0,4.8706913,5.316229,0.0,0.0,0.0,6.369475,0.0,0.0,0.0,0.0,0.0,8.0012245,0.0,4.5680737,4.657924,5.497963,0.0,3.8630333,0.0,5.6898737,0.0,0.0,0.0,0.0,0.0,0.0,0.0,0.27089113,0.0,0.0,3.5138297,4.4599886,0.0,0.0,0.0,1.0257266,0.0,0.0,0.0,4.041436,7.055419,0.0,0.0,4.375341,6.41129,2.0602617,4.0761104
50,plain,0.0,0.0,0.0,0.0,0.0,0.0,0.0,0.0,3.6438158,0.0,0.0,0.0,0.0,0.0,0.0,0.0,0.0,3.7859046,4.7295885,0.0,0.0,0.0,1.8203844,0.0,0.0,0.0,0.0,0.0,6.7392535,0.0,5.580629,3.9605703,4.884264,0.0,3.921603,0.0,4.2565317,0.0,0.0,0.0,6.787088,0.0,0.0,0.0,4.072336,0.0,0.0,4.142626,4.817639,0.0,0.0,0.0,0.0,0.0,0.0,0.0,3.984293,0.0,0.0,0.0,4.3076844,6.314183,5.2264075,4.4541607
50,venous,0.0,0.0,0.0,0.0,0.0,0.0,0.0,0.0,3.7032094,0.0,0.0,0.0,0.0,0.0,0.0,0.0,0.0,3.7663732,3.455799,0.0,0.0,0.0,4.566663,0.0,0.0,0.0,0.0,0.0,5.609428,0.0,2.80413,3.757913,3.5040636,0.0,3.2118013,0.0,4.7175493,0.0,0.0,0.0,3.2844563,0.0,0.0,0.0,4.47598,0.0,0.0,3.2157993,4.202419,0.0,0.0,0.0,5.1539583,0.0,0.0,0.0,3.2036781,4.387702,0.0,0.0,3.7455482,4.8045273,3.5080318,3.7827468
51,plain,0.0,0.0,0.0,0.0,0.0,0.0,0.0,0.0,3.4234495,0.0,0.0,0.0,0.0,0.0,0.0,0.0,0.0,3.4081717,4.8751206,0.0,0.0,0.0,0.5549835,0.0,0.0,0.0,0.0,0.0,6.9880056,0.0,6.784672,3.4479132,5.206952,0.0,4.572324,0.0,4.3250628,0.0,0.0,0.0,8.225049,0.0,0.0,0.0,4.522739,0.0,0.0,4.269297,4.5817704,0.0,0.0,0.0,0.0,0.0,0.0,0.0,4.0923786,0.0,0.0,0.0,5.258376,6.6763735,5.675505,4.3558154
51,venous,0.0,0.0,0.0,0.0,0.0,0.0,0.0,0.0,3.4248545,0.0,0.0,0.0,0.0,0.0,0.0,0.0,0.0,3.9355788,5.2557707,0.0,0.0,0.0,1.1998627,0.0,0.0,0.0,0.0,0.0,7.341137,0.0,7.228918,3.8977947,5.674804,0.0,4.768215,0.0,4.8747125,0.0,0.0,0.0,8.499321,0.0,0.0,0.0,4.0971727,0.0,0.0,4.663355,5.1269455,0.0,0.0,0.0,0.0,0.0,0.0,0.0,4.872772,0.0,0.0,0.0,5.298765,7.3134756,6.0325484,4.923647
52,plain,0.0,0.0,0.0,0.0,0.0,0.0,0.0,0.0,3.3858538,0.0,0.0,0.0,0.0,0.0,0.0,0.0,0.0,3.5237002,3.683881,0.0,0.0,0.0,3.058147,0.0,0.0,0.0,0.0,0.0,5.3754854,0.0,4.356186,3.8380613,3.7629595,0.0,3.115714,0.0,4.347204,0.0,0.0,0.0,5.4044647,0.0,0.0,0.0,5.1167727,0.0,0.0,3.2952113,4.1095133,0.0,0.0,0.0,3.0794964,0.0,0.0,0.0,3.289263,2.0611715,0.0,0.0,3.9971695,4.7744384,4.6939445,3.8349833
52,venous,0.0,0.0,0.0,0.0,0.0,0.0,0.0,0.0,3.9791973,0.0,0.0,0.0,0.0,0.0,0.0,0.0,0.0,4.2195005,3.2262645,0.0,0.0,0.0,5.0195823,0.0,0.0,0.0,0.0,0.0,5.899858,0.0,2.4578328,3.6657214,3.47081,0.0,3.2211308,0.0,4.5953197,0.0,0.0,0.0,1.6145679,0.0,0.0,0.0,3.6682196,0.0,0.0,2.8959033,4.050429,0.0,0.0,0.0,5.773965,0.0,0.0,0.0,3.1639884,5.8810263,0.0,0.0,3.4579086,4.5445094,2.554575,3.631055
53,plain,0.0,0.0,0.0,0.0,0.0,0.0,0.0,0.0,5.006811,0.0,0.0,0.0,0.0,0.0,0.0,0.0,0.0,5.0279684,5.2416973,0.0,0.0,0.0,6.00058,0.0,0.0,0.0,0.0,0.0,6.9400945,0.0,3.8130703,4.0058174,4.6870756,0.0,4.0603995,0.0,5.4172697,0.0,0.0,0.0,0.7495371,0.0,0.0,0.0,1.2788402,0.0,0.0,3.8113217,4.3306065,0.0,0.0,0.0,0.84692746,0.0,0.0,0.0,4.200217,5.9149933,0.0,0.0,4.0064106,6.226347,3.0637045,3.853232
53,venous,0.0,0.0,0.0,0.0,0.0,0.0,0.0,0.0,4.086806,0.0,0.0,0.0,0.0,0.0,0.0,0.0,0.0,4.0286837,4.208456,0.0,0.0,0.0,4.3949795,0.0,0.0,0.0,0.0,0.0,5.5687437,0.0,3.1007528,3.6690168,3.6492395,0.0,3.264193,0.0,4.5218625,0.0,0.0,0.0,4.0922546,0.0,0.0,0.0,3.886704,0.0,0.0,3.4677472,4.12385,0.0,0.0,0.0,2.5888572,0.0,0.0,0.0,3.4938426,3.438642,0.0,0.0,3.7937806,5.244354,4.412668,4.025101
54,plain,0.0,0.0,0.0,0.68231106,0.0,0.0,0.0,0.0,6.1431484,0.0,0.0,0.0,0.0,0.0,0.0,0.0,0.0,5.004011,5.7700143,0.0,0.0,0.0,6.492057,0.0,0.0,0.0,0.0,0.0,7.9533377,0.0,5.2464705,4.811039,6.2036266,0.0,4.0193796,0.0,5.543008,0.0,0.0,0.0,0.0,0.0,0.0,0.0,0.0,0.0,0.0,3.6690602,4.2118487,0.0,0.0,0.0,0.0,0.0,0.0,0.0,4.2702084,5.5811086,0.0,0.0,4.251132,7.1078234,3.307035,4.6884418
54,venous,0.0,0.0,0.0,0.0,0.0,0.0,0.0,0.0,4.279079,0.0,0.0,0.0,0.0,0.0,0.0,0.0,0.0,3.9068449,4.3461404,0.0,0.0,0.0,3.7063541,0.0,0.0,0.0,0.0,0.0,5.695672,0.0,4.2844396,3.6435623,4.0359416,0.0,3.4184766,0.0,4.359904,0.0,0.0,0.0,5.5915766,0.0,0.0,0.0,3.5615268,0.0,0.0,3.777825,3.815535,0.0,0.0,0.0,0.21645363,0.0,0.0,0.0,3.8899372,2.42129,0.0,0.0,4.142681,5.5456057,4.860673,4.232173
55,plain,0.0,0.0,0.0,0.0,0.0,0.0,0.0,0.0,3.674913,0.0,0.0,0.0,0.0,0.0,0.0,0.0,0.0,3.8414536,3.583817,0.0,0.0,0.0,4.3464684,0.0,0.0,0.0,0.0,0.0,5.2063665,0.0,3.4936328,3.4940176,3.574243,0.0,3.0087767,0.0,4.5684056,0.0,0.0,0.0,3.8175678,0.0,0.0,0.0,3.9780009,0.0,0.0,3.0562515,3.946753,0.0,0.0,0.0,3.468904,0.0,0.0,0.0,3.7114043,4.448181,0.0,0.0,3.7003293,4.7671623,4.0729246,3.3186996
55,venous,0.0,0.0,0.0,0.0,0.0,0.0,0.0,0.0,3.784966,0.0,0.0,0.0,0.0,0.0,0.0,0.0,0.0,3.8738394,3.5936027,0.0,0.0,0.0,4.0888376,0.0,0.0,0.0,0.0,0.0,5.2288427,0.0,3.5984216,3.7591937,3.7871284,0.0,3.0631757,0.0,4.4868774,0.0,0.0,0.0,4.650326,0.0,0.0,0.0,4.2970724,0.0,0.0,3.090803,3.9516187,0.0,0.0,0.0,3.5061164,0.0,0.0,0.0,3.6584127,3.7555537,0.0,0.0,3.9233062,5.047229,4.360319,3.802949
56,plain,0.0,0.0,0.0,0.0,0.0,0.0,0.0,0.0,2.7975547,0.0,0.0,0.0,0.0,0.0,0.0,0.0,0.0,3.418539,4.69419,0.0,0.0,0.0,0.246832,0.0,0.0,0.0,0.0,0.0,7.061805,0.0,6.474245,3.8317943,5.2014008,0.0,4.6276255,0.0,3.9595358,0.0,0.0,0.0,7.7794003,0.0,0.0,0.0,4.105989,0.0,0.0,4.2606497,4.7928076,0.0,0.0,0.0,0.0,0.0,0.0,0.0,4.152425,0.0,0.0,0.0,4.5447826,6.3627405,5.7020664,4.2857637
56,venous,0.0,0.0,0.0,0.0,0.0,0.0,0.0,0.0,5.2434025,0.0,0.0,0.0,0.0,0.0,0.0,0.0,0.0,4.7980604,5.130764,0.0,0.0,0.0,6.050456,0.0,0.0,0.0,0.0,0.0,7.6212983,0.0,4.9811125,4.0573077,5.1593246,0.0,3.9139843,0.0,5.436589,0.0,0.0,0.0,0.91725457,0.0,0.0,0.0,1.97306,0.0,0.0,3.5900962,4.682048,0.0,0.0,0.0,0.3352148,0.0,0.0,0.0,4.020727,5.2856402,0.0,0.0,4.6238503,6.496058,3.125077,4.7263665
57,plain,0.0,0.0,0.0,0.0,0.0,0.0,0.0,0.0,3.987415,0.0,0.0,0.0,0.0,0.0,0.0,0.0,0.0,3.949216,4.3582983,0.0,0.0,0.0,4.5844054,0.0,0.0,0.0,0.0,0.0,5.4822025,0.0,3.3664591,4.1124725,3.7522314,0.0,3.116634,0.0,4.6609273,0.0,0.0,0.0,4.3997526,0.0,0.0,0.0,3.421964,0.0,0.0,3.2139654,3.8427334,0.0,0.0,0.0,1.9457945,0.0,0.0,0.0,3.7782884,3.4609787,0.0,0.0,3.96605,5.2088404,4.3892026,4.043
57,venous,0.0,0.0,0.0,0.0,0.0,0.0,0.0,0.0,3.6380763,0.0,0.0,0.0,0.0,0.0,0.0,0.0,0.0,4.048779,3.896406,0.0,0.0,0.0,4.4789696,0.0,0.0,0.0,0.0,0.0,5.579132,0.0,3.004202,3.573774,3.7011137,0.0,3.0995595,0.0,4.5952053,0.0,0.0,0.0,4.022717,0.0,0.0,0.0,4.153444,0.0,0.0,3.279694,3.9223661,0.0,0.0,0.0,4.041019,0.0,0.0,0.0,3.5229256,4.0869923,0.0,0.0,3.8466249,4.8690166,3.781169,4.033907
58,plain,0.0,0.0,0.0,0.0,0.0,0.0,0.0,0.0,4.5327573,0.0,0.0,0.0,0.0,0.0,0.0,0.0,0.0,4.0955076,4.419446,0.0,0.0,0.0,4.74127,0.0,0.0,0.0,0.0,0.0,5.768986,0.0,3.4503508,3.9111452,3.9869523,0.0,3.499845,0.0,4.6112967,0.0,0.0,0.0,3.8046846,0.0,0.0,0.0,3.172727,0.0,0.0,3.4621806,4.131877,0.0,0.0,0.0,1.4368598,0.0,0.0,0.0,3.5368192,3.4089487,0.0,0.0,4.035826,5.6234922,4.4088564,4.116831
58,venous,0.0,0.0,0.0,0.0,0.0,0.0,0.0,0.0,4.5299916,0.0,0.0,0.0,0.0,0.0,0.0,0.0,0.0,4.055832,4.327939,0.0,0.0,0.0,4.6137633,0.0,0.0,0.0,0.0,0.0,5.745013,0.0,3.8047142,3.9537854,4.0586743,0.0,3.3930678,0.0,4.6865926,0.0,0.0,0.0,4.4328575,0.0,0.0,0.0,3.6868372,0.0,0.0,3.4897947,4.1705513,0.0,0.0,0.0,1.4390509,0.0,0.0,0.0,3.5615165,2.9073067,0.0,0.0,4.139396,5.4651012,4.657977,4.2305956
59,plain,0.0,0.0,0.0,0.0,0.0,0.0,0.0,0.0,3.5865254,0.0,0.0,0.0,0.0,0.0,0.0,0.0,0.0,3.5309274,3.574442,0.0,0.0,0.0,4.0475054,0.0,0.0,0.0,0.0,0.0,5.2327247,0.0,3.193029,3.6773252,3.5267048,0.0,2.9461246,0.0,4.3930387,0.0,0.0,0.0,4.048584,0.0,0.0,0.0,4.439927,0.0,0.0,3.123085,4.076468,0.0,0.0,0.0,4.1247277,0.0,0.0,0.0,3.261515,3.4102294,0.0,0.0,3.5882423,4.4564786,3.8939533,3.5984495
59,venous,0.0,0.0,0.0,0.0,0.0,0.0,0.0,0.0,4.7637634,0.0,0.0,0.0,0.0,0.0,0.0,0.0,0.0,4.564825,5.6409454,0.0,0.0,0.0,6.0033255,0.0,0.0,0.0,0.0,0.0,7.2860565,0.0,5.4477105,4.492655,5.2915387,0.0,3.7500129,0.0,5.413418,0.0,0.0,0.0,0.9136603,0.0,0.0,0.0,0.8206763,0.0,0.0,3.4178839,4.2015634,0.0,0.0,0.0,0.0,0.0,0.0,0.0,4.4161158,6.0106735,0.0,0.0,4.2553797,6.59027,2.7697368,4.3357334
6,plain,0.0,0.0,0.0,0.0,0.0,0.0,0.0,0.0,3.2601292,0.0,0.0,0.0,0.0,0.0,0.0,0.0,0.0,3.7281466,2.5945578,0.0,0.09783962,0.0,4.554144,0.0,0.0,0.0,0.0,0.0,5.3535523,0.0,2.2862468,3.4844685,3.244791,0.0,3.181315,0.0,4.513282,0.0,0.0,0.0,3.13507,0.0,0.0,0.0,4.5151854,0.0,0.0,2.7919729,4.118012,0.0,0.0,0.0,6.3415995,0.0,0.0,0.0,2.8800454,5.27814,0.0,0.0,3.4704359,4.4277964,2.6778646,3.184269
6,venous,0.0,0.0,0.0,0.16813205,0.0,0.0,0.0,0.0,5.152337,0.0,0.0,0.0,0.0,0.0,0.0,0.0,0.0,5.150427,5.9460087,0.0,0.0,0.0,5.931031,0.0,0.0,0.0,0.0,0.0,8.784901,0.0,5.9937773,4.746601,5.827357,0.0,3.986977,0.0,5.9104443,0.0,0.0,0.0,1.1420547,0.0,0.0,0.0,0.25198823,0.0,0.0,3.9330983,4.780696,0.0,0.0,0.0,0.0,0.0,0.0,0.0,4.4854293,6.453216,0.0,0.0,4.444839,7.3105125,3.009175,4.4949217
60,plain,0.0,0.0,0.0,0.0,0.0,0.0,0.0,0.0,4.3531046,0.0,0.0,0.0,0.0,0.0,0.0,0.0,0.0,3.8219373,4.2687078,0.0,0.0,0.0,4.2784734,0.0,0.0,0.0,0.0,0.0,5.3479614,0.0,3.8369195,3.6599016,4.0243173,0.0,3.1133513,0.0,4.525623,0.0,0.0,0.0,4.082362,0.0,0.0,0.0,3.1002684,0.0,0.0,3.1853433,3.5549378,0.0,0.0,0.0,0.800928,0.0,0.0,0.0,3.4743788,3.2637722,0.0,0.0,3.9352176,5.142251,4.225279,3.955769
60,venous,0.0,0.0,0.0,0.0,0.0,0.0,0.0,0.0,4.8938494,0.0,0.0,0.0,0.0,0.0,0.0,0.0,0.0,4.146511,4.7880516,0.0,0.0,0.0,5.3861055,0.0,0.0,0.0,0.0,0.0,6.2271094,0.0,3.9366298,3.8221836,4.381141,0.0,3.8936205,0.0,4.8653355,0.0,0.0,0.0,2.1821527,0.0,0.0,0.0,1.9514029,0.0,0.0,3.3760438,3.8156352,0.0,0.0,0.0,0.6692287,0.0,0.0,0.0,4.0104513,5.447937,0.0,0.0,3.7816374,5.863821,3.5395656,4.135517
61,plain,0.0,0.0,0.0,0.0,0.0,0.0,0.0,0.0,3.5000236,0.0,0.0,0.0,0.0,0.0,0.0,0.0,0.0,3.9799695,3.4892235,0.0,0.0,0.0,4.7728033,0.0,0.0,0.0,0.0,0.0,5.638231,0.0,2.8992262,3.4513123,3.6193168,0.0,3.1108105,0.0,4.7932816,0.0,0.0,0.0,2.4071143,0.0,0.0,0.0,3.8163764,0.0,0.0,3.0648599,4.040407,0.0,0.0,0.0,4.3117094,0.0,0.0,0.0,3.1939788,5.53728,0.0,0.0,3.7274773,4.523057,2.7868347,3.4534218
61,venous,0.0,0.0,0.0,0.0,0.0,0.0,0.0,0.0,3.6016297,0.0,0.0,0.0,0.0,0.0,0.0,0.0,0.0,4.032762,3.2589164,0.0,0.0,0.0,4.8003745,0.0,0.0,0.0,0.0,0.0,5.708159,0.0,2.5111537,3.4929404,3.487672,0.0,3.2361987,0.0,4.764578,0.0,0.0,0.0,1.945267,0.0,0.0,0.0,4.084457,0.0,0.0,3.160958,3.9463203,0.0,0.0,0.0,5.241719,0.0,0.0,0.0,3.0491035,5.6419926,0.0,0.0,3.5843866,4.416856,2.7195992,3.5612466
62,plain,0.0,0.0,0.0,0.0,0.0,0.0,0.0,0.0,4.2913866,0.0,0.0,0.0,0.0,0.0,0.0,0.0,0.0,4.1962523,3.751461,0.0,0.0,0.0,5.097501,0.0,0.0,0.0,0.0,0.0,5.6255503,0.0,3.0417416,3.611879,3.9115424,0.0,3.253038,0.0,4.8828483,0.0,0.0,0.0,2.434043,0.0,0.0,0.0,3.1551466,0.0,0.0,3.287235,4.0435276,0.0,0.0,0.0,3.0662665,0.0,0.0,0.0,3.3395844,5.0138044,0.0,0.0,3.8105683,4.8193583,3.476266,3.7373078
62,venous,0.0,0.0,0.0,0.0,0.0,0.0,0.0,0.0,4.092748,0.0,0.0,0.0,0.0,0.0,0.0,0.0,0.0,4.2983723,3.7091918,0.0,0.0,0.0,4.936205,0.0,0.0,0.0,0.0,0.0,5.6538286,0.0,2.7687912,3.7263203,3.7231321,0.0,3.1532466,0.0,4.8161626,0.0,0.0,0.0,2.305132,0.0,0.0,0.0,3.2884562,0.0,0.0,3.1649413,4.2443914,0.0,0.0,0.0,3.6431656,0.0,0.0,0.0,3.3572996,5.0536795,0.0,0.0,3.6282222,4.881498,3.3985023,3.8097649
63,plain,0.0,0.0,0.0,0.0,0.0,0.0,0.0,0.0,3.7000968,0.0,0.0,0.0,0.0,0.0,0.0,0.0,0.0,3.6754582,3.4197533,0.0,0.0,0.0,4.353368,0.0,0.0,0.0,0.0,0.0,5.213955,0.0,2.8611448,3.4036644,3.3652582,0.0,3.1609104,0.0,4.491016,0.0,0.0,0.0,3.4132688,0.0,0.0,0.0,4.0912433,0.0,0.0,3.0688474,4.145525,0.0,0.0,0.0,4.4678707,0.0,0.0,0.0,3.4577503,4.4669943,0.0,0.0,3.5834827,4.6499686,3.5813913,3.6222305
63,venous,0.0,0.0,0.0,0.0,0.0,0.0,0.0,0.0,3.7073796,0.0,0.0,0.0,0.0,0.0,0.0,0.0,0.0,3.7859552,3.5281334,0.0,0.0,0.0,4.3404603,0.0,0.0,0.0,0.0,0.0,5.241005,0.0,2.659224,3.5261662,3.3975933,0.0,2.9981112,0.0,4.5019617,0.0,0.0,0.0,3.2278323,0.0,0.0,0.0,4.1862717,0.0,0.0,3.2298298,4.2363157,0.0,0.0,0.0,4.7628193,0.0,0.0,0.0,3.4102864,4.567562,0.0,0.0,3.5615506,4.665719,3.504632,3.770824
64,plain,0.0,0.0,0.0,0.0,0.0,0.0,0.0,0.0,4.031906,0.0,0.0,0.0,0.0,0.0,0.0,0.0,0.0,4.045516,3.2392077,0.0,0.0,0.0,5.063011,0.0,0.0,0.0,0.0,0.0,5.9538774,0.0,2.1311288,3.525145,3.3968787,0.0,3.1521642,0.0,4.646618,0.0,0.0,0.0,1.1138456,0.0,0.0,0.0,3.7715724,0.0,0.0,2.9353185,4.288463,0.0,0.0,0.0,5.848261,0.0,0.0,0.0,2.9668107,5.745002,0.0,0.0,3.469409,4.507045,2.1341305,3.5513177
64,venous,0.0,0.0,0.0,0.0,0.0,0.0,0.0,0.0,4.3733997,0.0,0.0,0.0,0.0,0.0,0.0,0.0,0.0,4.3392906,3.7814379,0.0,0.0,0.0,5.364396,0.0,0.0,0.0,0.0,0.0,6.5117216,0.0,2.4008303,3.8128314,3.7003179,0.0,3.293707,0.0,5.015682,0.0,0.0,0.0,1.1465746,0.0,0.0,0.0,3.844615,0.0,0.0,3.2745965,4.6560965,0.0,0.0,0.0,5.791936,0.0,0.0,0.0,3.1879222,5.9281693,0.0,0.0,3.725287,5.1919637,2.3417125,3.9684346
65,plain,0.0,0.0,0.0,0.0,0.0,0.0,0.0,0.0,3.9603126,0.0,0.0,0.0,0.0,0.0,0.0,0.0,0.0,4.2549415,3.5628233,0.0,0.0,0.0,5.1961246,0.0,0.0,0.0,0.0,0.0,6.374717,0.0,2.5837145,3.8168683,3.7731795,0.0,3.3046758,0.0,5.0157413,0.0,0.0,0.0,1.0963496,0.0,0.0,0.0,3.5117831,0.0,0.0,3.4789014,4.2891088,0.0,0.0,0.0,5.5130954,0.0,0.0,0.0,2.9969616,5.9510984,0.0,0.0,3.7209811,4.88724,2.4085908,3.7183914
65,venous,0.0,0.0,0.0,0.0,0.0,0.0,0.0,0.0,4.3278465,0.0,0.0,0.0,0.0,0.0,0.0,0.0,0.0,4.624123,4.076215,0.0,0.0,0.0,5.781391,0.0,0.0,0.0,0.0,0.0,6.82996,0.0,2.9546976,4.2461658,4.191512,0.0,3.6034691,0.0,5.2661953,0.0,0.0,0.0,0.9472404,0.0,0.0,0.0,3.4641314,0.0,0.0,3.4915643,4.3312635,0.0,0.0,0.0,5.9674664,0.0,0.0,0.0,3.3502133,6.9953775,0.0,0.0,3.9671414,5.2371893,2.3623781,4.0961637
66,plain,0.0,0.0,0.0,0.0,0.0,0.0,0.0,0.0,3.4237955,0.0,0.0,0.0,0.0,0.0,0.0,0.0,0.0,3.627092,3.4501286,0.0,0.0,0.0,4.374525,0.0,0.0,0.0,0.0,0.0,5.297333,0.0,2.7970746,3.6761448,3.260675,0.0,2.9518898,0.0,4.4053288,0.0,0.0,0.0,3.5152082,0.0,0.0,0.0,4.352145,0.0,0.0,2.842924,4.0335884,0.0,0.0,0.0,5.1559596,0.0,0.0,0.0,3.2528906,4.4670486,0.0,0.0,3.646298,4.4291306,3.6223044,3.533337
66,venous,0.0,0.0,0.0,0.0,0.0,0.0,0.0,0.0,3.6692388,0.0,0.0,0.0,0.0,0.0,0.0,0.0,0.0,3.9392676,3.5808823,0.0,0.0,0.0,4.8205557,0.0,0.0,0.0,0.0,0.0,5.8513393,0.0,2.7558908,3.9595814,3.4123106,0.0,3.1414618,0.0,4.7277374,0.0,0.0,0.0,4.080387,0.0,0.0,0.0,5.0478797,0.0,0.0,3.0367906,4.388361,0.0,0.0,0.0,6.2573633,0.0,0.0,0.0,3.3478336,4.7726583,0.0,0.0,4.085648,4.837472,3.834844,3.8571672
67,plain,0.0,0.0,0.0,0.0,0.0,0.0,0.0,0.0,4.9176064,0.0,0.0,0.0,0.0,0.0,0.0,0.0,0.0,5.0121155,5.0159044,0.0,0.0,0.0,5.7772856,0.0,0.0,0.0,0.0,0.0,7.1409645,0.0,4.616724,4.0579185,5.0066557,0.0,3.5000892,0.0,5.613781,0.0,0.0,0.0,0.30534297,0.0,0.0,0.0,0.7263074,0.0,0.0,3.7688103,4.1772413,0.0,0.0,0.0,0.41023695,0.0,0.0,0.0,4.2829466,6.636551,0.0,0.0,4.2187614,5.840048,2.8639169,3.7560048
67,venous,0.0,0.0,0.0,0.0,0.0,0.0,0.0,0.0,4.824439,0.0,0.0,0.0,0.0,0.0,0.0,0.0,0.0,4.7225084,4.626177,0.0,0.0,0.0,5.6800065,0.0,0.0,0.0,0.0,0.0,6.7292805,0.0,3.91463,3.9897428,4.6524296,0.0,3.7311633,0.0,5.362934,0.0,0.0,0.0,0.6523616,0.0,0.0,0.0,1.379289,0.0,0.0,3.5772736,4.1585255,0.0,0.0,0.0,1.1788025,0.0,0.0,0.0,3.9369097,6.509169,0.0,0.0,4.1010284,5.585812,3.116921,3.934337
68,plain,0.0,0.0,0.0,0.0,0.0,0.0,0.0,0.0,4.89923,0.0,0.0,0.0,0.0,0.0,0.0,0.0,0.0,4.091098,4.7908154,0.0,0.0,0.0,3.9678159,0.0,0.0,0.0,0.0,0.0,6.269547,0.0,4.990374,4.1621437,4.7757187,0.0,3.8838134,0.0,4.829379,0.0,0.0,0.0,4.4861703,0.0,0.0,0.0,3.401044,0.0,0.0,3.8719923,4.1763797,0.0,0.0,0.0,0.0,0.0,0.0,0.0,3.868864,0.8459369,0.0,0.0,4.432785,6.063527,5.564122,4.6337185
68,venous,0.0,0.0,0.0,0.0,0.0,0.0,0.0,0.0,5.162073,0.0,0.0,0.0,0.0,0.0,0.0,0.0,0.0,4.4061546,4.906596,0.0,0.0,0.0,4.1011853,0.0,0.0,0.0,0.0,0.0,6.518586,0.0,4.929589,4.2320876,4.9349117,0.0,4.1065674,0.0,4.652988,0.0,0.0,0.0,4.0174294,0.0,0.0,0.0,2.924645,0.0,0.0,4.211202,3.9816742,0.0,0.0,0.0,0.0,0.0,0.0,0.0,4.02635,0.6545184,0.0,0.0,4.2617903,6.2217298,5.341606,4.6222367
69,plain,0.0,0.0,0.0,0.0,0.0,0.0,0.0,0.0,4.378071,0.0,0.0,0.0,0.0,0.0,0.0,0.0,0.0,4.267083,4.8284187,0.0,0.0,0.0,4.23176,0.0,0.0,0.0,0.0,0.0,6.096822,0.0,4.5116262,4.257967,4.435815,0.0,3.3231106,0.0,4.8616934,0.0,0.0,0.0,4.7427,0.0,0.0,0.0,3.2645903,0.0,0.0,3.6530228,4.14529,0.0,0.0,0.0,0.0,0.0,0.0,0.0,3.740645,1.8483496,0.0,0.0,4.166277,5.8216352,5.463093,4.4042997
69,venous,0.0,0.0,0.0,0.0,0.0,0.0,0.0,0.0,4.583075,0.0,0.0,0.0,0.0,0.0,0.0,0.0,0.0,4.1463003,4.6949215,0.0,0.0,0.0,4.4309673,0.0,0.0,0.0,0.0,0.0,5.910059,0.0,4.1048503,4.1570797,4.2338476,0.0,3.470697,0.0,4.6915364,0.0,0.0,0.0,4.479228,0.0,0.0,0.0,3.3399396,0.0,0.0,3.5532968,4.0724454,0.0,0.0,0.0,0.0,0.0,0.0,0.0,3.6479552,2.2489886,0.0,0.0,4.0748873,5.821849,5.138956,4.4849024
7,plain,0.0,0.0,0.0,0.0,0.0,0.0,0.0,0.0,3.3978136,0.0,0.0,0.0,0.0,0.0,0.0,0.0,0.0,4.0241413,3.774513,0.0,0.0,0.0,4.4539437,0.0,0.0,0.0,0.0,0.0,5.562549,0.0,3.3869748,3.755952,3.6064272,0.0,3.0413117,0.0,4.796679,0.0,0.0,0.0,4.2034035,0.0,0.0,0.0,4.615883,0.0,0.0,3.1769834,4.376159,0.0,0.0,0.0,3.4454145,0.0,0.0,0.0,3.3004713,3.8880432,0.0,0.0,3.8818412,4.72946,4.008359,3.7198513
7,venous,0.0,0.0,0.0,0.0,0.0,0.0,0.0,0.0,5.050957,0.0,0.0,0.0,0.0,0.0,0.0,0.0,0.0,4.766164,5.342826,0.0,0.0,0.0,5.497467,0.0,0.0,0.0,0.0,0.0,6.8539457,0.0,4.456341,4.0115004,4.9964843,0.0,3.818142,0.0,5.129399,0.0,0.0,0.0,2.4992428,0.0,0.0,0.0,1.6522753,0.0,0.0,3.796075,4.024915,0.0,0.0,0.0,0.0,0.0,0.0,0.0,4.091226,4.591783,0.0,0.0,4.0545635,6.233407,3.646184,4.6291695
70,plain,0.0,0.0,0.0,0.0,0.0,0.0,0.0,0.0,3.310336,0.0,0.0,0.0,0.0,0.0,0.0,0.0,0.0,3.204526,3.3789597,0.0,0.0,0.0,3.7714267,0.0,0.0,0.0,0.0,0.0,5.0557547,0.0,3.108656,3.4869447,3.2498822,0.0,2.8471162,0.0,4.2215443,0.0,0.0,0.0,5.2413397,0.0,0.0,0.0,4.800006,0.0,0.0,2.9215555,3.7311401,0.0,0.0,0.0,4.2735195,0.0,0.0,0.0,3.0647736,2.9508781,0.0,0.0,3.7137752,4.486722,4.2782726,3.3704572
70,venous,0.0,0.0,0.0,0.0,0.0,0.0,0.0,0.0,3.4823518,0.0,0.0,0.0,0.0,0.0,0.0,0.0,0.0,3.3254313,3.6054087,0.0,0.0,0.0,3.8523629,0.0,0.0,0.0,0.0,0.0,5.0094175,0.0,3.1381485,3.3278806,3.2960887,0.0,3.0074515,0.0,4.258726,0.0,0.0,0.0,4.811266,0.0,0.0,0.0,4.502663,0.0,0.0,2.9551535,3.8370454,0.0,0.0,0.0,4.0660586,0.0,0.0,0.0,3.2707553,3.2087865,0.0,0.0,3.6585972,4.577879,4.0445075,3.5873506
71,plain,0.0,0.0,0.0,0.0,0.0,0.0,0.0,0.0,4.014744,0.0,0.0,0.0,0.0,0.0,0.0,0.0,0.0,4.0611157,4.4324102,0.0,0.0,0.0,4.265705,0.0,0.0,0.0,0.0,0.0,5.599819,0.0,4.3031816,4.085553,4.1367946,0.0,3.436596,0.0,4.932781,0.0,0.0,0.0,4.4798374,0.0,0.0,0.0,3.756014,0.0,0.0,3.4831,4.1412153,0.0,0.0,0.0,1.2324716,0.0,0.0,0.0,3.6318204,2.9295452,0.0,0.0,4.1389055,5.394513,4.999463,4.2208586
71,venous,0.0,0.0,0.0,0.0,0.0,0.0,0.0,0.0,3.6779609,0.0,0.0,0.0,0.0,0.0,0.0,0.0,0.0,3.8637776,4.15818,0.0,0.0,0.0,3.906855,0.0,0.0,0.0,0.0,0.0,5.4822993,0.0,3.559645,4.0833306,3.6655478,0.0,2.863656,0.0,4.3253517,0.0,0.0,0.0,5.361335,0.0,0.0,0.0,4.7534733,0.0,0.0,3.323835,4.1635475,0.0,0.0,0.0,2.8050184,0.0,0.0,0.0,3.3104544,2.4094853,0.0,0.0,3.9559636,4.939849,5.045089,4.002505
72,plain,0.0,0.0,0.0,0.0,0.0,0.0,0.0,0.0,4.119215,0.0,0.0,0.0,0.0,0.0,0.0,0.0,0.0,4.1667557,3.6605783,0.0,0.0,0.0,5.185183,0.0,0.0,0.0,0.0,0.0,5.988505,0.0,2.857862,3.6833189,3.7528076,0.0,3.3072085,0.0,5.044158,0.0,0.0,0.0,1.4747014,0.0,0.0,0.0,3.5616922,0.0,0.0,3.1597824,4.323079,0.0,0.0,0.0,4.813463,0.0,0.0,0.0,3.3379364,5.4772525,0.0,0.0,3.8338647,4.970273,2.7472906,3.8161983
72,venous,0.0,0.0,0.0,0.0,0.0,0.0,0.0,0.0,4.1925926,0.0,0.0,0.0,0.0,0.0,0.0,0.0,0.0,4.3290186,4.1775303,0.0,0.0,0.0,5.418478,0.0,0.0,0.0,0.0,0.0,6.497846,0.0,3.194201,3.910334,4.081627,0.0,3.249664,0.0,5.106662,0.0,0.0,0.0,1.3074536,0.0,0.0,0.0,2.6862726,0.0,0.0,3.42349,4.336361,0.0,0.0,0.0,3.7080367,0.0,0.0,0.0,3.5788202,5.6926537,0.0,0.0,3.892869,5.338844,2.6436749,4.067412
73,plain,0.0,0.0,0.0,0.0,0.0,0.0,0.0,0.0,3.5540886,0.0,0.0,0.0,0.0,0.0,0.0,0.0,0.0,3.6813548,2.8977864,0.0,0.0,0.0,4.706765,0.0,0.0,0.0,0.0,0.0,5.8797836,0.0,2.4506612,3.6683612,3.4667206,0.0,3.187275,0.0,4.5639763,0.0,0.0,0.0,2.1440883,0.0,0.0,0.0,4.431834,0.0,0.0,3.0712404,4.1748943,0.0,0.0,0.0,6.664641,0.0,0.0,0.0,3.0882287,5.7480583,0.0,0.0,3.659523,4.404531,2.8807707,3.4216256
73,venous,0.0,0.0,0.0,0.0,0.0,0.0,0.0,0.0,3.8547437,0.0,0.0,0.0,0.0,0.0,0.0,0.0,0.0,4.076078,2.8300157,0.0,0.0,0.0,5.1324906,0.0,0.0,0.0,0.0,0.0,6.233135,0.0,2.1788983,3.879105,3.644785,0.0,3.5774415,0.0,4.907293,0.0,0.0,0.0,1.967229,0.0,0.0,0.0,4.775912,0.0,0.0,3.1901531,4.3842034,0.0,0.0,0.0,7.8654995,0.0,0.0,0.0,3.0641549,6.3865557,0.0,0.0,3.8211093,4.7923183,2.7206333,3.6322308
74,plain,0.0,0.0,0.0,0.0,0.0,0.0,0.0,0.0,3.1084738,0.0,0.0,0.0,0.0,0.0,0.0,0.0,0.0,3.331277,3.3639336,0.0,0.0,0.0,3.902621,0.0,0.0,0.0,0.0,0.0,5.2066164,0.0,2.6727695,3.6092017,3.2775884,0.0,2.802988,0.0,4.125968,0.0,0.0,0.0,4.8718433,0.0,0.0,0.0,5.0123787,0.0,0.0,2.9498713,4.0759625,0.0,0.0,0.0,5.640225,0.0,0.0,0.0,3.3021965,3.931189,0.0,0.0,3.745634,4.59602,3.8625212,3.457427
74,venous,0.0,0.0,0.0,0.0,0.0,0.0,0.0,0.0,3.2672067,0.0,0.0,0.0,0.0,0.0,0.0,0.0,0.0,3.5205798,3.5004177,0.0,0.0,0.0,4.091859,0.0,0.0,0.0,0.0,0.0,5.320182,0.0,2.9854403,3.5600133,3.3615317,0.0,2.9381466,0.0,4.319993,0.0,0.0,0.0,4.741067,0.0,0.0,0.0,4.9435806,0.0,0.0,2.9813132,4.126666,0.0,0.0,0.0,5.532777,0.0,0.0,0.0,3.4760582,4.030338,0.0,0.0,3.7974246,4.6460886,3.923182,3.5430753
75,plain,0.0,0.0,0.0,0.0,0.0,0.0,0.0,0.0,3.505607,0.0,0.0,0.0,0.0,0.0,0.0,0.0,0.0,3.5868218,3.483449,0.0,0.0,0.0,4.0103583,0.0,0.0,0.0,0.0,0.0,4.951874,0.0,2.7178085,3.3712938,3.3982296,0.0,2.913529,0.0,4.3126736,0.0,0.0,0.0,4.715045,0.0,0.0,0.0,4.6907787,0.0,0.0,2.9805589,3.9935942,0.0,0.0,0.0,4.3974934,0.0,0.0,0.0,3.2032964,3.5360427,0.0,0.0,3.739078,4.4950547,4.124359,3.743428
75,venous,0.0,0.0,0.0,0.0,0.0,0.0,0.0,0.0,3.7725782,0.0,0.0,0.0,0.0,0.0,0.0,0.0,0.0,3.750719,3.7753708,0.0,0.0,0.0,4.2806454,0.0,0.0,0.0,0.0,0.0,5.256727,0.0,2.9676828,3.4566991,3.4435935,0.0,3.1183147,0.0,4.4392366,0.0,0.0,0.0,4.060955,0.0,0.0,0.0,4.3409505,0.0,0.0,2.9011822,4.043442,0.0,0.0,0.0,4.123831,0.0,0.0,0.0,3.2439308,3.9230266,0.0,0.0,3.646578,4.5083637,3.7296028,3.7068288
76,plain,0.0,0.0,0.0,0.0,0.0,0.0,0.0,0.0,3.2179544,0.0,0.0,0.0,0.0,0.0,0.0,0.0,0.0,3.4562368,3.0814245,0.0,0.0,0.0,4.1496754,0.0,0.0,0.0,0.0,0.0,5.5438175,0.0,2.4515448,3.458421,3.32233,0.0,2.790402,0.0,4.4808493,0.0,0.0,0.0,3.649167,0.0,0.0,0.0,4.771544,0.0,0.0,3.0577598,4.192046,0.0,0.0,0.0,6.007282,0.0,0.0,0.0,3.0079439,4.3565483,0.0,0.0,3.5665505,4.4489965,3.291369,3.3472595
76,venous,0.0,0.0,0.0,0.0,0.0,0.0,0.0,0.0,3.2378669,0.0,0.0,0.0,0.0,0.0,0.0,0.0,0.0,3.6482842,3.231368,0.0,0.0,0.0,4.149893,0.0,0.0,0.0,0.0,0.0,5.7040834,0.0,2.775239,3.6458704,3.583777,0.0,2.889749,0.0,4.5632935,0.0,0.0,0.0,4.0580983,0.0,0.0,0.0,4.949732,0.0,0.0,3.107211,4.18806,0.0,0.0,0.0,6.0963707,0.0,0.0,0.0,3.2298923,4.4296064,0.0,0.0,3.7538342,4.5749164,3.6858058,3.5479908
77,plain,0.0,0.0,0.0,0.0,0.0,0.0,0.0,0.0,3.1309748,0.0,0.0,0.0,0.0,0.0,0.0,0.0,0.0,3.382507,3.009242,0.0,0.0,0.0,3.8613749,0.0,0.0,0.0,0.0,0.0,4.983594,0.0,2.9441504,3.4434662,3.15366,0.0,2.8442304,0.0,4.332944,0.0,0.0,0.0,5.002465,0.0,0.0,0.0,4.9430265,0.0,0.0,2.8774338,3.868174,0.0,0.0,0.0,4.692214,0.0,0.0,0.0,3.1059341,3.86732,0.0,0.0,3.569734,4.327033,3.8875406,3.4313238
77,venous,0.0,0.0,0.0,0.0,0.0,0.0,0.0,0.0,3.095728,0.0,0.0,0.0,0.0,0.0,0.0,0.0,0.0,3.6316757,3.0345385,0.0,0.0,0.0,3.9762208,0.0,0.0,0.0,0.0,0.0,5.0594316,0.0,2.6795292,3.511043,3.059166,0.0,2.7333627,0.0,4.2494154,0.0,0.0,0.0,5.0271406,0.0,0.0,0.0,4.926526,0.0,0.0,2.9602604,4.012326,0.0,0.0,0.0,4.852293,0.0,0.0,0.0,3.1472058,3.9029474,0.0,0.0,3.5724359,4.3926497,4.075164,3.5018382
78,plain,0.0,0.0,0.0,0.0,0.0,0.0,0.0,0.0,3.7108946,0.0,0.0,0.0,0.0,0.0,0.0,0.0,0.0,3.5807452,3.5061507,0.0,0.0,0.0,4.361002,0.0,0.0,0.0,0.0,0.0,5.0959496,0.0,2.8004534,3.554457,3.1656628,0.0,2.9094696,0.0,4.2459555,0.0,0.0,0.0,4.355183,0.0,0.0,0.0,4.2625017,0.0,0.0,2.9246826,3.9209304,0.0,0.0,0.0,4.264808,0.0,0.0,0.0,3.08364,4.0749245,0.0,0.0,3.671567,4.489088,3.8911145,3.6139941
78,venous,0.0,0.0,0.0,0.0,0.0,0.0,0.0,0.0,4.144601,0.0,0.0,0.0,0.0,0.0,0.0,0.0,0.0,4.0534515,4.0973406,0.0,0.0,0.0,4.5612698,0.0,0.0,0.0,0.0,0.0,5.389661,0.0,3.3754303,3.7672634,3.5885067,0.0,3.296116,0.0,4.470621,0.0,0.0,0.0,4.0555043,0.0,0.0,0.0,3.8004642,0.0,0.0,3.163128,4.1551166,0.0,0.0,0.0,3.1851256,0.0,0.0,0.0,3.4131353,4.0394287,0.0,0.0,3.9130247,5.0892572,4.0554433,3.7997923
79,plain,0.0,0.0,0.0,0.0,0.0,0.0,0.0,0.0,3.6921563,0.0,0.0,0.0,0.0,0.0,0.0,0.0,0.0,3.7302241,3.4834018,0.0,0.0,0.0,4.6738,0.0,0.0,0.0,0.0,0.0,5.633175,0.0,3.4194703,3.6558895,3.674636,0.0,3.194458,0.0,4.547923,0.0,0.0,0.0,4.1765757,0.0,0.0,0.0,3.956839,0.0,0.0,2.9808502,4.062067,0.0,0.0,0.0,4.5138855,0.0,0.0,0.0,3.1992943,4.9431434,0.0,0.0,3.8169758,4.862667,3.6088157,3.5156689
79,venous,0.0,0.0,0.0,0.0,0.0,0.0,0.0,0.0,3.7617583,0.0,0.0,0.0,0.0,0.0,0.0,0.0,0.0,3.8709486,3.597311,0.0,0.0,0.0,4.8976154,0.0,0.0,0.0,0.0,0.0,5.9001527,0.0,3.123529,3.9962091,3.6649165,0.0,3.1303868,0.0,4.763323,0.0,0.0,0.0,4.917568,0.0,0.0,0.0,4.7398853,0.0,0.0,3.1676264,4.2890396,0.0,0.0,0.0,5.159853,0.0,0.0,0.0,3.2661982,4.596905,0.0,0.0,3.9679613,5.2559958,4.174198,3.9581566
8,plain,0.0,0.0,0.0,0.0,0.0,0.0,0.0,0.0,4.461281,0.0,0.0,0.0,0.0,0.0,0.0,0.0,0.0,4.304763,4.478219,0.0,0.0,0.0,5.3097377,0.0,0.0,0.0,0.0,0.0,6.3635044,0.0,3.949942,4.196391,4.0737443,0.0,3.5796838,0.0,5.005004,0.0,0.0,0.0,1.7081327,0.0,0.0,0.0,2.6880746,0.0,0.0,3.4762506,4.119908,0.0,0.0,0.0,2.1090302,0.0,0.0,0.0,3.5491774,5.2015276,0.0,0.0,4.1557727,5.495576,3.4250767,3.8914015
8,venous,0.0,0.0,0.0,0.0,0.0,0.0,0.0,0.0,4.1817064,0.0,0.0,0.0,0.0,0.0,0.0,0.0,0.0,4.3189363,4.0654693,0.0,0.0,0.0,4.9243784,0.0,0.0,0.0,0.0,0.0,5.9212193,0.0,3.456511,4.0899487,3.8839955,0.0,3.4145422,0.0,4.6811585,0.0,0.0,0.0,2.1092293,0.0,0.0,0.0,3.0430722,0.0,0.0,3.362938,4.095647,0.0,0.0,0.0,2.756236,0.0,0.0,0.0,3.327664,5.180666,0.0,0.0,3.924881,5.0881977,3.502329,3.677476
80,plain,0.0,0.0,0.0,0.0,0.0,0.0,0.0,0.0,2.9276576,0.0,0.0,0.0,0.0,0.0,0.0,0.0,0.0,3.44059,3.273077,0.0,0.0,0.0,3.9005628,0.0,0.0,0.0,0.0,0.0,5.045128,0.0,2.961453,3.5629778,3.3246512,0.0,2.8581576,0.0,4.2044797,0.0,0.0,0.0,5.3052125,0.0,0.0,0.0,4.9759235,0.0,0.0,3.0336366,3.9990602,0.0,0.0,0.0,5.0753193,0.0,0.0,0.0,3.1155376,3.7575703,0.0,0.0,3.550123,4.6726723,4.078441,3.4900498
80,venous,0.0,0.0,0.0,0.0,0.0,0.0,0.0,0.0,3.33138,0.0,0.0,0.0,0.0,0.0,0.0,0.0,0.0,3.7097628,3.251783,0.0,0.0,0.0,4.3966675,0.0,0.0,0.0,0.0,0.0,5.4615564,0.0,2.7918363,3.7411804,3.457767,0.0,3.0747013,0.0,4.4962378,0.0,0.0,0.0,5.126879,0.0,0.0,0.0,5.1636105,0.0,0.0,3.1878877,4.217513,0.0,0.0,0.0,5.694353,0.0,0.0,0.0,3.3590178,4.3818316,0.0,0.0,3.7235303,4.8152494,4.0528316,3.6299498
81,plain,0.0,0.0,0.0,0.0,0.0,0.0,0.0,0.0,3.4919095,0.0,0.0,0.0,0.0,0.0,0.0,0.0,0.0,3.908915,2.8448017,0.0,0.0,0.0,4.7719407,0.0,0.0,0.0,0.0,0.0,5.826638,0.0,2.3109915,3.5987706,3.2067347,0.0,3.2432706,0.0,4.710607,0.0,0.0,0.0,2.6735034,0.0,0.0,0.0,4.784752,0.0,0.0,3.1850247,4.5043154,0.0,0.0,0.0,7.3277073,0.0,0.0,0.0,3.0763295,5.789679,0.0,0.0,3.5683956,4.4803886,2.6576452,3.4939578
81,venous,0.0,0.0,0.0,0.0,0.0,0.0,0.0,0.0,3.5771656,0.0,0.0,0.0,0.0,0.0,0.0,0.0,0.0,4.1702147,2.8223689,0.0,0.0,0.0,4.72785,0.0,0.0,0.0,0.0,0.0,6.0218997,0.0,2.4879556,3.668716,3.5739536,0.0,3.5160794,0.0,4.7468824,0.0,0.0,0.0,3.061416,0.0,0.0,0.0,4.754617,0.0,0.0,3.3294804,4.192973,0.0,0.0,0.0,7.023135,0.0,0.0,0.0,3.1703196,5.881008,0.0,0.0,3.8374934,4.7360864,2.9873323,3.4719331
82,plain,0.0,0.0,0.0,0.0,0.0,0.0,0.0,0.0,3.0372913,0.0,0.0,0.0,0.0,0.0,0.0,0.0,0.0,3.605191,3.1723988,0.0,0.0,0.0,3.953569,0.0,0.0,0.0,0.0,0.0,5.2054386,0.0,2.8064427,3.417978,3.4186432,0.0,2.9327521,0.0,4.019139,0.0,0.0,0.0,3.9752793,0.0,0.0,0.0,4.4894123,0.0,0.0,2.9949455,3.834187,0.0,0.0,0.0,5.0120487,0.0,0.0,0.0,3.1618333,4.297916,0.0,0.0,3.5536933,4.361815,3.5126648,3.0870285
82,venous,0.0,0.0,0.0,0.0,0.0,0.0,0.0,0.0,3.0233154,0.0,0.0,0.0,0.0,0.0,0.0,0.0,0.0,3.4218526,3.0992982,0.0,0.0,0.0,4.213899,0.0,0.0,0.0,0.0,0.0,5.3977537,0.0,2.5550022,3.4571145,3.542368,0.0,2.976522,0.0,4.301819,0.0,0.0,0.0,4.89677,0.0,0.0,0.0,5.070771,0.0,0.0,3.1997576,4.1819863,0.0,0.0,0.0,6.0626574,0.0,0.0,0.0,3.304132,4.579804,0.0,0.0,3.666637,4.6932907,3.778325,3.2788043
83,plain,0.0,0.0,0.0,0.17605737,0.0,0.0,0.0,0.0,5.6656194,0.0,0.0,0.0,0.0,0.0,0.0,0.0,0.0,4.5321035,5.597639,0.0,0.0,0.0,5.2747145,0.0,0.0,0.0,0.0,0.0,6.722813,0.0,5.422954,4.2208185,5.7496376,0.0,4.334652,0.0,4.7203636,0.0,0.0,0.0,2.2308602,0.0,0.0,0.0,1.2812221,0.0,0.0,3.903223,4.0597067,0.0,0.0,0.13700283,0.0,0.0,0.0,0.0,4.497854,2.4502513,0.0,0.0,4.16343,6.643312,5.0392795,4.385713
83,venous,0.0,0.0,0.0,0.0,0.0,0.0,0.0,0.0,5.460151,0.0,0.0,0.0,0.0,0.0,0.0,0.0,0.0,4.5987487,5.0254335,0.0,0.0,0.0,4.9316177,0.0,0.0,0.0,0.0,0.0,6.40054,0.0,4.8302546,4.1146526,5.166998,0.0,4.234539,0.0,4.6831217,0.0,0.0,0.0,2.931403,0.0,0.0,0.0,2.0088253,0.0,0.0,3.7463179,3.8937726,0.0,0.0,0.0,0.0,0.0,0.0,0.0,4.277728,2.0940511,0.0,0.0,4.173193,6.7765055,5.5488653,4.3415985
84,plain,0.0,0.0,0.0,0.0,0.0,0.0,0.0,0.0,2.871201,0.0,0.0,0.0,0.0,0.0,0.0,0.0,0.0,3.2424536,2.8521652,0.0,0.00425297,0.0,3.9122107,0.0,0.0,0.0,0.0,0.0,5.225727,0.0,2.6816783,3.5847678,3.2122545,0.0,3.0304198,0.0,4.2376404,0.0,0.0,0.0,4.189191,0.0,0.0,0.0,5.1861773,0.0,0.0,2.9019446,4.240012,0.0,0.0,0.0,6.367884,0.0,0.0,0.0,2.9177327,4.227421,0.0,0.0,3.6477513,4.4918423,3.3119013,3.2968292
84,venous,0.0,0.0,0.0,0.0,0.0,0.0,0.0,0.0,3.386693,0.0,0.0,0.0,0.0,0.0,0.0,0.0,0.0,3.6272287,3.1994333,0.0,0.0,0.0,4.369316,0.0,0.0,0.0,0.0,0.0,5.6014304,0.0,2.8797073,3.9334576,3.4746518,0.0,3.1074722,0.0,4.7240925,0.0,0.0,0.0,4.280223,0.0,0.0,0.0,5.398029,0.0,0.0,3.183847,4.4973335,0.0,0.0,0.0,6.9122353,0.0,0.0,0.0,3.207549,4.714448,0.0,0.0,3.9626675,4.7961855,3.657644,3.4709659
85,plain,0.0,0.0,0.0,0.0,0.0,0.0,0.0,0.0,3.3895924,0.0,0.0,0.0,0.0,0.0,0.0,0.0,0.0,3.4813685,3.3486369,0.0,0.0,0.0,4.2037745,0.0,0.0,0.0,0.0,0.0,4.9648705,0.0,2.64467,3.4515493,3.3141127,0.0,2.7754872,0.0,4.1695976,0.0,0.0,0.0,4.1324825,0.0,0.0,0.0,4.460541,0.0,0.0,2.878605,4.0825043,0.0,0.0,0.0,5.0248137,0.0,0.0,0.0,3.074078,4.217266,0.0,0.0,3.644437,4.350726,3.6298897,3.5027978
85,venous,0.0,0.0,0.0,0.0,0.0,0.0,0.0,0.0,3.469901,0.0,0.0,0.0,0.0,0.0,0.0,0.0,0.0,3.5890474,3.3348892,0.0,0.0,0.0,4.208123,0.0,0.0,0.0,0.0,0.0,4.9552803,0.0,2.628992,3.460155,3.3659286,0.0,2.9621818,0.0,4.3115044,0.0,0.0,0.0,4.139168,0.0,0.0,0.0,4.3566732,0.0,0.0,2.940802,4.072195,0.0,0.0,0.0,4.7932835,0.0,0.0,0.0,3.2338538,4.5402656,0.0,0.0,3.6334991,4.563779,3.7507715,3.5264072
86,plain,0.0,0.0,0.0,0.0,0.0,0.0,0.0,0.0,4.003416,0.0,0.0,0.0,0.0,0.0,0.0,0.0,0.0,4.14509,3.4656043,0.0,0.0,0.0,4.979392,0.0,0.0,0.0,0.0,0.0,6.3174896,0.0,2.526225,3.5491948,3.757535,0.0,3.1838942,0.0,4.7293577,0.0,0.0,0.0,1.439887,0.0,0.0,0.0,3.7047815,0.0,0.0,3.2927175,4.4001884,0.0,0.0,0.0,5.902669,0.0,0.0,0.0,3.348967,6.1738205,0.0,0.0,3.705838,4.7851357,2.5691543,3.6577165
86,venous,0.0,0.0,0.0,0.0,0.0,0.0,0.0,0.0,4.2751374,0.0,0.0,0.0,0.0,0.0,0.0,0.0,0.0,4.392874,3.3308492,0.0,0.0,0.0,5.303938,0.0,0.0,0.0,0.0,0.0,6.78446,0.0,2.3004606,3.6877108,3.9246812,0.0,3.4611716,0.0,5.152275,0.0,0.0,0.0,0.7739522,0.0,0.0,0.0,4.122602,0.0,0.0,3.2904773,4.7270513,0.0,0.0,0.0,7.126609,0.0,0.0,0.0,3.2285557,6.860673,0.0,0.0,3.8921976,5.085253,2.2449512,3.8144531
87,plain,0.0,0.0,0.0,0.0,0.0,0.0,0.0,0.0,3.1701202,0.0,0.0,0.0,0.0,0.0,0.0,0.0,0.0,3.5474606,2.6741133,0.0,0.0,0.0,4.122575,0.0,0.0,0.0,0.0,0.0,5.5202923,0.0,2.0704987,3.3760405,3.2455807,0.0,3.0240111,0.0,4.2945414,0.0,0.0,0.0,2.8521338,0.0,0.0,0.0,4.6382155,0.0,0.0,2.919708,4.257036,0.0,0.0,0.0,6.74833,0.0,0.0,0.0,2.8792918,5.152108,0.0,0.0,3.512191,4.3463564,2.7870026,3.2491689
87,venous,0.0,0.0,0.0,0.0,0.0,0.0,0.0,0.0,3.3734708,0.0,0.0,0.0,0.0,0.0,0.0,0.0,0.0,3.7256,2.747288,0.0,0.019761294,0.0,4.6401196,0.0,0.0,0.0,0.0,0.0,6.002927,0.0,2.0425339,3.7511134,3.3795552,0.0,3.1389785,0.0,4.5613413,0.0,0.0,0.0,2.9957714,0.0,0.0,0.0,4.925331,0.0,0.0,3.0622187,4.44493,0.0,0.0,0.0,7.8771353,0.0,0.0,0.0,3.1142125,5.4756956,0.0,0.0,3.6335645,4.6993546,2.7600508,3.505437
88,plain,0.0,0.0,0.0,0.0,0.0,0.0,0.0,0.0,4.102236,0.0,0.0,0.0,0.0,0.0,0.0,0.0,0.0,3.8367343,3.9074535,0.0,0.0,0.0,4.332838,0.0,0.0,0.0,0.0,0.0,5.1751423,0.0,3.3668318,3.8223658,3.5764022,0.0,3.2923322,0.0,4.569723,0.0,0.0,0.0,4.376486,0.0,0.0,0.0,4.096446,0.0,0.0,3.1919045,3.9719353,0.0,0.0,0.0,2.5910087,0.0,0.0,0.0,3.3400917,3.2022476,0.0,0.0,3.8162107,4.7016296,4.327031,3.8920066
88,venous,0.0,0.0,0.0,0.0,0.0,0.0,0.0,0.0,3.9395523,0.0,0.0,0.0,0.0,0.0,0.0,0.0,0.0,3.674395,3.9132395,0.0,0.0,0.0,4.3853645,0.0,0.0,0.0,0.0,0.0,5.2239046,0.0,3.2316103,3.81564,3.6059823,0.0,3.2107887,0.0,4.4403124,0.0,0.0,0.0,4.358338,0.0,0.0,0.0,3.9105358,0.0,0.0,3.332984,3.7661524,0.0,0.0,0.0,2.805944,0.0,0.0,0.0,3.4869385,3.5650113,0.0,0.0,3.7800546,4.872122,4.219959,3.933474
89,plain,0.0,0.0,0.0,0.0,0.0,0.0,0.0,0.0,3.6766615,0.0,0.0,0.0,0.0,0.0,0.0,0.0,0.0,3.8824692,3.3835392,0.0,0.0,0.0,4.8850517,0.0,0.0,0.0,0.0,0.0,5.5510044,0.0,2.721894,3.8636005,3.474186,0.0,3.1003828,0.0,4.5861473,0.0,0.0,0.0,2.2538495,0.0,0.0,0.0,3.712019,0.0,0.0,3.0737658,3.851523,0.0,0.0,0.0,4.7606354,0.0,0.0,0.0,3.1435993,5.4957647,0.0,0.0,3.432639,4.4007864,2.9152374,3.3305287
89,venous,0.0,0.0,0.0,0.0,0.0,0.0,0.0,0.0,4.186292,0.0,0.0,0.0,0.0,0.0,0.0,0.0,0.0,4.096329,3.674489,0.0,0.0,0.0,5.2820005,0.0,0.0,0.0,0.0,0.0,6.0058618,0.0,3.0617793,4.198696,3.8775783,0.0,3.1656923,0.0,5.007989,0.0,0.0,0.0,2.8056254,0.0,0.0,0.0,4.069962,0.0,0.0,3.41963,4.141061,0.0,0.0,0.0,5.125336,0.0,0.0,0.0,3.495335,5.6075096,0.0,0.0,3.87949,5.047959,3.3952427,3.8104885
9,plain,0.0,0.0,0.0,0.0,0.0,0.0,0.0,0.0,3.2321959,0.0,0.0,0.0,0.0,0.0,0.0,0.0,0.0,3.403222,3.0244524,0.0,0.0,0.0,4.170076,0.0,0.0,0.0,0.0,0.0,5.158139,0.0,2.8038244,3.4035125,3.3189993,0.0,2.8264632,0.0,4.2556405,0.0,0.0,0.0,5.043709,0.0,0.0,0.0,5.125285,0.0,0.0,2.9581175,3.9857879,0.0,0.0,0.0,5.8033633,0.0,0.0,0.0,3.1228395,4.050093,0.0,0.0,3.7405617,4.517231,3.9610033,3.3681877
9,venous,0.0,0.016887061,0.0,0.0,0.0,0.0,0.0,0.0,3.6340275,0.0,0.0,0.0,0.0,0.0,0.0,0.0,0.0,3.8171144,3.233928,0.0,0.0,0.0,4.4306126,0.0,0.0,0.0,0.0,0.0,5.3583894,0.0,2.8043242,3.4734163,3.4511895,0.0,2.9627655,0.0,4.2592626,0.0,0.0,0.0,4.21787,0.0,0.0,0.0,4.4823213,0.0,0.0,3.2565072,3.9092789,0.0,0.0,0.0,5.0711155,0.0,0.0,0.0,3.2214072,4.6108246,0.0,0.0,3.8668628,4.720675,3.898941,3.3888924
90,plain,0.0,0.0,0.0,0.0,0.0,0.0,0.0,0.0,3.2747545,0.0,0.0,0.0,0.0,0.0,0.0,0.0,0.0,3.5266373,3.4403806,0.0,0.0,0.0,3.8470438,0.0,0.0,0.0,0.0,0.0,5.175906,0.0,3.1834188,3.7117112,3.5037541,0.0,3.165247,0.0,4.18801,0.0,0.0,0.0,4.890047,0.0,0.0,0.0,4.5236816,0.0,0.0,3.0631866,3.9210277,0.0,0.0,0.0,3.835723,0.0,0.0,0.0,3.160137,3.504645,0.0,0.0,3.7741446,4.6384583,4.0465145,3.5202045
90,venous,0.0,0.0,0.0,0.0,0.0,0.0,0.0,0.0,3.1904907,0.0,0.0,0.0,0.0,0.0,0.0,0.0,0.0,3.5369961,3.1435783,0.0,0.0,0.0,3.7724605,0.0,0.0,0.0,0.0,0.0,5.136737,0.0,2.7738855,3.8364952,3.4229279,0.0,2.8226163,0.0,4.1350703,0.0,0.0,0.0,5.0390043,0.0,0.0,0.0,4.8287106,0.0,0.0,3.0069013,3.997837,0.0,0.0,0.0,4.7132306,0.0,0.0,0.0,3.1254265,3.3480527,0.0,0.0,3.7305818,4.7699013,4.161969,3.527672
91,plain,0.0,0.0,0.0,0.0,0.0,0.0,0.0,0.0,3.5191088,0.0,0.0,0.0,0.0,0.0,0.0,0.0,0.0,3.7058945,3.7859597,0.0,0.0,0.0,3.9238248,0.0,0.0,0.0,0.0,0.0,5.432463,0.0,4.075857,3.6537154,3.9239025,0.0,3.3108752,0.0,4.5868316,0.0,0.0,0.0,4.422051,0.0,0.0,0.0,4.420791,0.0,0.0,3.254879,4.2336063,0.0,0.0,0.0,3.2238655,0.0,0.0,0.0,3.6412368,3.814956,0.0,0.0,3.9456038,5.145507,3.9762607,3.6017127
91,venous,0.0,0.0,0.0,0.0,0.0,0.0,0.0,0.0,3.3927937,0.0,0.0,0.0,0.0,0.0,0.0,0.0,0.0,3.5451632,3.3738885,0.0,0.0,0.0,4.261836,0.0,0.0,0.0,0.0,0.0,5.480802,0.0,3.005341,3.9177837,3.5519867,0.0,2.9622903,0.0,4.3596907,0.0,0.0,0.0,4.8319874,0.0,0.0,0.0,5.267209,0.0,0.0,3.2090082,4.2499843,0.0,0.0,0.0,5.799301,0.0,0.0,0.0,3.1486778,3.793667,0.0,0.0,3.9375675,4.9859447,4.1763425,3.6662612
92,plain,0.0,0.0,0.0,0.0,0.0,0.0,0.0,0.0,3.5880628,0.0,0.0,0.0,0.0,0.0,0.0,0.0,0.0,3.4729981,3.2177334,0.0,0.0,0.0,4.293252,0.0,0.0,0.0,0.0,0.0,5.710978,0.0,2.547937,3.4926054,3.447424,0.0,2.9155257,0.0,4.443126,0.0,0.0,0.0,3.2884724,0.0,0.0,0.0,4.7407365,0.0,0.0,3.1113656,4.272952,0.0,0.0,0.0,5.736883,0.0,0.0,0.0,3.1312966,4.3509245,0.0,0.0,3.6425598,4.6930523,3.1662736,3.6564183
92,venous,0.0,0.0,0.0,0.0,0.0,0.0,0.0,0.0,3.8200788,0.0,0.0,0.0,0.0,0.0,0.0,0.0,0.0,3.7114155,3.4439569,0.0,0.0,0.0,4.731204,0.0,0.0,0.0,0.0,0.0,5.9726343,0.0,2.7552547,3.794038,3.68269,0.0,3.0920846,0.0,4.757462,0.0,0.0,0.0,3.6778653,0.0,0.0,0.0,5.0129933,0.0,0.0,3.2100267,4.4757614,0.0,0.0,0.0,6.533204,0.0,0.0,0.0,3.4451487,4.8191805,0.0,0.0,3.849315,4.9406385,3.4806514,3.9342744
93,plain,0.0,0.0,0.0,0.0,0.0,0.0,0.0,0.0,3.5468001,0.0,0.0,0.0,0.0,0.0,0.0,0.0,0.0,3.973268,2.7843065,0.0,0.0,0.0,4.8174753,0.0,0.0,0.0,0.0,0.0,6.221219,0.0,2.5733843,3.95082,3.597787,0.0,3.4221156,0.0,4.926509,0.0,0.0,0.0,3.2473207,0.0,0.0,0.0,5.2383933,0.0,0.0,3.2065468,4.4109826,0.0,0.0,0.0,7.825861,0.0,0.0,0.0,3.2309651,5.9389544,0.0,0.0,3.848515,4.77328,3.1062295,3.4091063
93,venous,0.0,0.0,0.0,0.0,0.0,0.0,0.0,0.0,3.6982102,0.0,0.0,0.0,0.0,0.0,0.0,0.0,0.0,4.00562,2.7200274,0.0,0.0,0.0,4.9090347,0.0,0.0,0.0,0.0,0.0,6.300543,0.0,2.3395543,3.9570308,3.5776715,0.0,3.5482063,0.0,4.905489,0.0,0.0,0.0,2.9583645,0.0,0.0,0.0,5.2202935,0.0,0.0,3.2804518,4.467394,0.0,0.0,0.0,8.15152,0.0,0.0,0.0,3.2399893,5.9952507,0.0,0.0,3.8846164,4.8274136,3.0533597,3.621465
94,plain,0.0,0.0,0.0,0.0,0.0,0.0,0.0,0.0,4.0594587,0.0,0.0,0.0,0.0,0.0,0.0,0.0,0.0,4.10392,3.1444745,0.0,0.0,0.0,5.2338085,0.0,0.0,0.0,0.0,0.0,6.4268446,0.0,2.7837863,3.8732169,3.8277068,0.0,3.4415908,0.0,5.0158367,0.0,0.0,0.0,1.5271019,0.0,0.0,0.0,4.362229,0.0,0.0,3.3460324,4.5266056,0.0,0.0,0.0,6.614749,0.0,0.0,0.0,3.1251085,6.178033,0.0,0.0,3.7960944,4.771824,2.5507224,3.7396412
94,venous,0.0,0.0,0.0,0.0,0.0,0.0,0.0,0.0,4.2529182,0.0,0.0,0.0,0.0,0.0,0.0,0.0,0.0,4.459244,3.1518998,0.0,0.0,0.0,5.31656,0.0,0.0,0.0,0.0,0.0,6.424424,0.0,2.664359,3.8612041,3.8966346,0.0,3.4944057,0.0,4.969141,0.0,0.0,0.0,0.83432627,0.0,0.0,0.0,3.9478097,0.0,0.0,3.498736,4.53733,0.0,0.0,0.0,6.3506536,0.0,0.0,0.0,3.2865894,6.5330195,0.0,0.0,3.643996,4.794458,2.4395032,3.7658215
95,plain,0.0,0.0,0.0,0.0,0.0,0.0,0.0,0.0,4.1497283,0.0,0.0,0.0,0.0,0.0,0.0,0.0,0.0,3.760585,4.488081,0.0,0.0,0.0,3.8627963,0.0,0.0,0.0,0.0,0.0,5.4700804,0.0,4.075123,4.025149,3.9760113,0.0,3.2588067,0.0,4.680587,0.0,0.0,0.0,5.073771,0.0,0.0,0.0,4.34613,0.0,0.0,3.5932484,4.104747,0.0,0.0,0.0,0.6191178,0.0,0.0,0.0,3.32552,1.1884604,0.0,0.0,4.019315,5.1440134,5.2240157,4.207601
95,venous,0.0,0.0,0.0,0.0,0.0,0.0,0.0,0.0,4.1092052,0.0,0.0,0.0,0.0,0.0,0.0,0.0,0.0,3.8404036,4.4223475,0.0,0.0,0.0,4.2064867,0.0,0.0,0.0,0.0,0.0,5.757109,0.0,4.105978,3.996043,4.027417,0.0,3.3575222,0.0,4.6977334,0.0,0.0,0.0,4.8043747,0.0,0.0,0.0,4.062597,0.0,0.0,3.5182118,4.145555,0.0,0.0,0.0,1.1429213,0.0,0.0,0.0,3.5264566,1.6433109,0.0,0.0,3.9934812,5.531443,4.9808865,4.238204
96,plain,0.0,0.0,0.0,0.0,0.0,0.0,0.0,0.0,3.8934906,0.0,0.0,0.0,0.0,0.0,0.0,0.0,0.0,4.0030603,3.3246808,0.0,0.0,0.0,4.9118376,0.0,0.0,0.0,0.0,0.0,5.6572647,0.0,2.682192,3.2893019,3.3443866,0.0,3.122322,0.0,4.803093,0.0,0.0,0.0,2.6223583,0.0,0.0,0.0,4.006917,0.0,0.0,3.2648787,4.348245,0.0,0.0,0.0,5.163828,0.0,0.0,0.0,3.2190988,5.25134,0.0,0.0,3.7087433,4.617637,2.8409672,3.5595343
96,venous,0.0,0.0,0.0,0.0,0.0,0.0,0.0,0.0,3.8697653,0.0,0.0,0.0,0.0,0.0,0.0,0.0,0.0,3.955344,3.2580647,0.0,0.0,0.0,4.82808,0.0,0.0,0.0,0.0,0.0,6.0577884,0.0,2.598021,3.5991697,3.4278388,0.0,3.4085267,0.0,4.9454875,0.0,0.0,0.0,2.651381,0.0,0.0,0.0,4.5076,0.0,0.0,3.2834916,4.50837,0.0,0.0,0.0,6.242703,0.0,0.0,0.0,3.3583217,5.310121,0.0,0.0,3.815887,4.778067,2.9957762,3.922195
97,plain,0.0,0.0,0.0,0.0,0.0,0.0,0.0,0.0,4.1896787,0.0,0.0,0.0,0.0,0.0,0.0,0.0,0.0,4.0111017,4.013978,0.0,0.0,0.0,4.25599,0.0,0.0,0.0,0.0,0.0,6.0219727,0.0,3.9028678,3.8493342,4.2965407,0.0,3.637651,0.0,4.342382,0.0,0.0,0.0,4.415313,0.0,0.0,0.0,3.8376703,0.0,0.0,3.2053857,4.0012126,0.0,0.0,0.0,1.8311285,0.0,0.0,0.0,3.705238,3.2437518,0.0,0.0,4.237784,5.3726215,4.6866918,4.119975
97,venous,0.0,0.0,0.0,0.0,0.0,0.0,0.0,0.0,3.8457522,0.0,0.0,0.0,0.0,0.0,0.0,0.0,0.0,4.1414676,3.8281682,0.0,0.0,0.0,4.3056035,0.0,0.0,0.0,0.0,0.0,5.979269,0.0,3.4611583,3.7841146,3.9130907,0.0,3.0501547,0.0,4.830131,0.0,0.0,0.0,3.7822921,0.0,0.0,0.0,4.5030413,0.0,0.0,3.2754254,4.3998413,0.0,0.0,0.0,3.752798,0.0,0.0,0.0,3.431426,3.6547024,0.0,0.0,3.966491,5.182731,4.0023155,3.9089513
98,plain,0.0,0.0,0.0,0.0,0.0,0.0,0.0,0.0,3.2143362,0.0,0.0,0.0,0.0,0.0,0.0,0.0,0.0,3.5188823,3.3427982,0.0,0.0,0.0,3.9484982,0.0,0.0,0.0,0.0,0.0,5.056715,0.0,2.937563,3.5891325,3.407514,0.0,2.8650417,0.0,4.308857,0.0,0.0,0.0,5.130313,0.0,0.0,0.0,5.185993,0.0,0.0,3.101852,4.092612,0.0,0.0,0.0,5.2285595,0.0,0.0,0.0,3.1292717,3.5750144,0.0,0.0,3.7009442,4.6114397,4.1568966,3.5436342
98,venous,0.0,0.0,0.0,0.0,0.0,0.0,0.0,0.0,3.3061857,0.0,0.0,0.0,0.0,0.0,0.0,0.0,0.0,3.5886776,3.4909012,0.0,0.0,0.0,4.2278147,0.0,0.0,0.0,0.0,0.0,5.549076,0.0,2.9361486,3.8026977,3.517961,0.0,3.1375127,0.0,4.4273014,0.0,0.0,0.0,5.1642637,0.0,0.0,0.0,5.733965,0.0,0.0,3.2382534,4.3058844,0.0,0.0,0.0,6.4892883,0.0,0.0,0.0,3.0982022,3.7178352,0.0,0.0,3.8216345,4.871589,3.9681053,3.743196
99,plain,0.0,0.0,0.0,0.0,0.0,0.0,0.0,0.0,3.177606,0.0,0.0,0.0,0.0,0.0,0.0,0.0,0.0,3.3883457,3.2266793,0.0,0.0,0.0,3.741167,0.0,0.0,0.0,0.0,0.0,5.615816,0.0,2.5155733,3.5724573,3.4160028,0.0,2.727779,0.0,4.1336493,0.0,0.0,0.0,4.7311487,0.0,0.0,0.0,5.041714,0.0,0.0,3.0916386,3.8756213,0.0,0.0,0.0,5.37472,0.0,0.0,0.0,3.3918037,3.6436474,0.0,0.0,3.8135648,4.7194595,3.9478984,3.359233
99,venous,0.0,0.0,0.0,0.0,0.0,0.0,0.0,0.0,3.1758504,0.0,0.0,0.0,0.0,0.0,0.0,0.0,0.0,3.551425,2.9473476,0.0,0.0,0.0,3.9371216,0.0,0.0,0.0,0.0,0.0,5.4731073,0.0,2.1860118,3.3238785,3.3087006,0.0,2.7396276,0.0,4.17306,0.0,0.0,0.0,4.4120183,0.0,0.0,0.0,5.1845474,0.0,0.0,3.0273144,3.870355,0.0,0.0,0.0,6.529978,0.0,0.0,0.0,3.259761,4.2395763,0.0,0.0,3.7340145,4.5845785,3.6078873,3.3900218
